product_id,name,category,price,cost,brand
PROD00001,Dolor Dignissimos,Toys,15092,9055,Dolor
PROD00002,OnePlus 9,Mobiles,29756,17853,OnePlus
PROD00003,Spectre,Laptops,97580,58548,HP
PROD00004,L'Oreal Dolores,Beauty,77897,46738,L'Oreal
PROD00005,Philips Fuga,Home,4405,2643,Philips
PROD00006,Galaxy S21,Mobiles,66737,40042,Samsung
PROD00007,L'Oreal Voluptas,Beauty,74063,44437,L'Oreal
PROD00008,MacBook Air M1,Laptops,59378,35626,Apple
PROD00009,Maybelline Quae,Beauty,106593,63955,Maybelline
PROD00010,Galaxy Note 20,Mobiles,45097,27058,Samsung
PROD00011,Nike Quibusdam T-Shirt,Fashion,28721,17232,Nike
PROD00012,Nike Necessitatibus T-Shirt,Fashion,12656,7593,Nike
PROD00013,Philips Quae,Home,47552,28531,Philips
PROD00014,Puma Quasi T-Shirt,Fashion,35171,21102,Puma
PROD00015,Redmi Note 10,Mobiles,50115,30069,Xiaomi
PROD00016,Realme 9,Mobiles,109211,65526,Realme
PROD00017,Minus Aut,Toys,81570,48942,Minus
PROD00018,Puma Ipsam T-Shirt,Fashion,25703,15421,Puma
PROD00019,Itaque Reprehenderit,Toys,9616,5769,Itaque
PROD00020,Galaxy M31,Mobiles,10958,6574,Samsung
PROD00021,Envy,Laptops,36934,22160,HP
PROD00022,Samsung Accusantium,Home,109828,65896,Samsung
PROD00023,Nike Ea T-Shirt,Fashion,49020,29412,Nike
PROD00024,Nike Doloremque T-Shirt,Fashion,88341,53004,Nike
PROD00025,Puma Sequi T-Shirt,Fashion,90093,54055,Puma
PROD00026,Doloribus Beatae,Toys,9858,5914,Doloribus
PROD00027,L'Oreal Eveniet,Beauty,70510,42306,L'Oreal
PROD00028,Quam Cum,Toys,32587,19552,Quam
PROD00029,MacBook Pro M1,Laptops,35882,21529,Apple
PROD00030,Eaque Iste,Toys,90698,54418,Eaque
PROD00031,L'Oreal Laboriosam,Beauty,90233,54139,L'Oreal
PROD00032,Nike Saepe T-Shirt,Fashion,30521,18312,Nike
PROD00033,OnePlus Nord CE,Mobiles,35593,21355,OnePlus
PROD00034,Galaxy M31,Mobiles,28369,17021,Samsung
PROD00035,Error Eius,Toys,65935,39561,Error
PROD00036,Samsung Suscipit,Home,60642,36385,Samsung
PROD00037,ThinkPad,Laptops,32825,19695,Lenovo
PROD00038,Mollitia Ipsam,Toys,74079,44447,Mollitia
PROD00039,Maybelline Atque,Beauty,98412,59047,Maybelline
PROD00040,Maybelline Unde,Beauty,118179,70907,Maybelline
PROD00041,Maybelline Odit,Beauty,47947,28768,Maybelline
PROD00042,Latitude,Laptops,65186,39111,Dell
PROD00043,iPhone 12,Mobiles,20533,12319,Apple
PROD00044,Quibusdam Nam,Toys,21469,12881,Quibusdam
PROD00045,Autem Quae,Toys,55833,33499,Autem
PROD00046,L'Oreal Odio,Beauty,50932,30559,L'Oreal
PROD00047,Samsung Iusto,Home,61848,37108,Samsung
PROD00048,Maybelline Est,Beauty,73012,43807,Maybelline
PROD00049,iPhone 14,Mobiles,98919,59351,Apple
PROD00050,Puma Id T-Shirt,Fashion,45087,27052,Puma
PROD00051,OnePlus Nord CE,Mobiles,21230,12738,OnePlus
PROD00052,Philips Maxime,Home,95146,57087,Philips
PROD00053,Totam Corrupti,Toys,35022,21013,Totam
PROD00054,L'Oreal Eligendi,Beauty,67042,40225,L'Oreal
PROD00055,OnePlus 9,Mobiles,20532,12319,OnePlus
PROD00056,Nike Architecto T-Shirt,Fashion,71197,42718,Nike
PROD00057,L'Oreal Doloremque,Beauty,79004,47402,L'Oreal
PROD00058,Adidas Nobis T-Shirt,Fashion,3052,1831,Adidas
PROD00059,OnePlus Nord 2,Mobiles,31885,19131,OnePlus
PROD00060,Galaxy S20,Mobiles,11726,7035,Samsung
PROD00061,Voluptatem Hic,Toys,64199,38519,Voluptatem
PROD00062,Realme 8,Mobiles,17328,10396,Realme
PROD00063,Reprehenderit Optio,Toys,62796,37677,Reprehenderit
PROD00064,L'Oreal Ipsum,Beauty,35241,21144,L'Oreal
PROD00065,Maybelline Itaque,Beauty,28260,16956,Maybelline
PROD00066,L'Oreal Iusto,Beauty,93947,56368,L'Oreal
PROD00067,Adidas Neque T-Shirt,Fashion,88539,53123,Adidas
PROD00068,Dolore Voluptate,Toys,49444,29666,Dolore
PROD00069,Samsung Magni,Home,59677,35806,Samsung
PROD00070,Galaxy S21,Mobiles,8892,5335,Samsung
PROD00071,Nike Numquam T-Shirt,Fashion,77610,46566,Nike
PROD00072,L'Oreal Accusamus,Beauty,77628,46576,L'Oreal
PROD00073,Pavilion,Laptops,93278,55966,HP
PROD00074,In Voluptates,Toys,8216,4929,In
PROD00075,Pavilion,Laptops,113174,67904,HP
PROD00076,Nike Ipsam T-Shirt,Fashion,67891,40734,Nike
PROD00077,Yoga,Laptops,64124,38474,Lenovo
PROD00078,Latitude,Laptops,116155,69693,Dell
PROD00079,Maybelline Omnis,Beauty,32350,19410,Maybelline
PROD00080,LG Maxime,Home,25457,15274,LG
PROD00081,iPhone 13 Pro,Mobiles,46938,28162,Apple
PROD00082,LG Sapiente,Home,61713,37027,LG
PROD00083,Officia Iusto,Toys,7600,4560,Officia
PROD00084,Suscipit Eaque,Toys,86149,51689,Suscipit
PROD00085,Fugiat Fuga,Toys,13399,8039,Fugiat
PROD00086,Poco X3,Mobiles,105435,63261,Xiaomi
PROD00087,Galaxy S21,Mobiles,25431,15258,Samsung
PROD00088,Maybelline Sapiente,Beauty,18873,11323,Maybelline
PROD00089,Philips Exercitationem,Home,37009,22205,Philips
PROD00090,Philips Animi,Home,115120,69072,Philips
PROD00091,Redmi Note 10,Mobiles,7130,4278,Xiaomi
PROD00092,Totam Quisquam,Toys,71355,42813,Totam
PROD00093,iPhone 12 Mini,Mobiles,22298,13378,Apple
PROD00094,LG Reiciendis,Home,63592,38155,LG
PROD00095,MacBook Air M1,Laptops,22079,13247,Apple
PROD00096,Philips Libero,Home,51673,31003,Philips
PROD00097,Adidas Provident T-Shirt,Fashion,37888,22732,Adidas
PROD00098,Samsung Asperiores,Home,96248,57748,Samsung
PROD00099,Maybelline At,Beauty,20789,12473,Maybelline
PROD00100,ThinkPad,Laptops,8165,4899,Lenovo
PROD00101,L'Oreal Iure,Beauty,98538,59122,L'Oreal
PROD00102,Nike Ex T-Shirt,Fashion,7072,4243,Nike
PROD00103,Maybelline Itaque,Beauty,66409,39845,Maybelline
PROD00104,L'Oreal Nesciunt,Beauty,7955,4773,L'Oreal
PROD00105,L'Oreal Consequatur,Beauty,112087,67252,L'Oreal
PROD00106,Spectre,Laptops,9407,5644,HP
PROD00107,Accusamus Voluptates,Toys,113460,68076,Accusamus
PROD00108,MacBook Air M1,Laptops,117191,70314,Apple
PROD00109,L'Oreal Cum,Beauty,76380,45828,L'Oreal
PROD00110,L'Oreal Dicta,Beauty,81683,49009,L'Oreal
PROD00111,Poco X3,Mobiles,34679,20807,Xiaomi
PROD00112,ThinkPad,Laptops,35314,21188,Lenovo
PROD00113,Philips Vitae,Home,88539,53123,Philips
PROD00114,Ut Hic,Toys,39821,23892,Ut
PROD00115,LG Tempore,Home,99048,59428,LG
PROD00116,iPhone 13 Pro,Mobiles,81916,49149,Apple
PROD00117,L'Oreal Ut,Beauty,10102,6061,L'Oreal
PROD00118,L'Oreal Soluta,Beauty,66807,40084,L'Oreal
PROD00119,Nike Vitae T-Shirt,Fashion,46245,27747,Nike
PROD00120,Galaxy M31,Mobiles,37853,22711,Samsung
PROD00121,MacBook Pro M1,Laptops,80673,48403,Apple
PROD00122,Repellat Ullam,Toys,69829,41897,Repellat
PROD00123,Realme 9,Mobiles,87451,52470,Realme
PROD00124,Galaxy M31,Mobiles,15629,9377,Samsung
PROD00125,Realme 8,Mobiles,36197,21718,Realme
PROD00126,Puma Enim T-Shirt,Fashion,28107,16864,Puma
PROD00127,Temporibus Id,Toys,45442,27265,Temporibus
PROD00128,Yoga,Laptops,64532,38719,Lenovo
PROD00129,Nike Officiis T-Shirt,Fashion,12597,7558,Nike
PROD00130,Et Explicabo,Toys,56018,33610,Et
PROD00131,Nike Assumenda T-Shirt,Fashion,964,578,Nike
PROD00132,Nike Hic T-Shirt,Fashion,84007,50404,Nike
PROD00133,Nike Hic T-Shirt,Fashion,97654,58592,Nike
PROD00134,Samsung Necessitatibus,Home,92993,55795,Samsung
PROD00135,Samsung Explicabo,Home,1767,1060,Samsung
PROD00136,iPhone 12 Mini,Mobiles,72011,43206,Apple
PROD00137,OnePlus 9,Mobiles,56833,34099,OnePlus
PROD00138,Envy,Laptops,48295,28977,HP
PROD00139,OnePlus 9,Mobiles,89899,53939,OnePlus
PROD00140,Envy,Laptops,102751,61650,HP
PROD00141,Maybelline Facere,Beauty,81851,49110,Maybelline
PROD00142,Ipsam Est,Toys,20757,12454,Ipsam
PROD00143,Inspiron,Laptops,116028,69616,Dell
PROD00144,Philips Aperiam,Home,24009,14405,Philips
PROD00145,Distinctio Modi,Toys,44040,26424,Distinctio
PROD00146,Samsung Hic,Home,113754,68252,Samsung
PROD00147,Quasi Eaque,Toys,106766,64059,Quasi
PROD00148,ThinkPad,Laptops,103702,62221,Lenovo
PROD00149,Rerum Dignissimos,Toys,14668,8800,Rerum
PROD00150,Philips Quos,Home,113037,67822,Philips
PROD00151,Philips Nobis,Home,26658,15994,Philips
PROD00152,LG Praesentium,Home,40501,24300,LG
PROD00153,Inspiron,Laptops,87011,52206,Dell
PROD00154,MacBook Pro M1,Laptops,37017,22210,Apple
PROD00155,OnePlus Nord 2,Mobiles,84580,50748,OnePlus
PROD00156,Maybelline Reiciendis,Beauty,89565,53739,Maybelline
PROD00157,Maybelline Laudantium,Beauty,4117,2470,Maybelline
PROD00158,OnePlus 9,Mobiles,76599,45959,OnePlus
PROD00159,Nike Voluptatibus T-Shirt,Fashion,14708,8824,Nike
PROD00160,Maybelline Nostrum,Beauty,45809,27485,Maybelline
PROD00161,Earum Nihil,Toys,103578,62146,Earum
PROD00162,Adidas Nostrum T-Shirt,Fashion,79957,47974,Adidas
PROD00163,L'Oreal Iste,Beauty,50988,30592,L'Oreal
PROD00164,L'Oreal Blanditiis,Beauty,33886,20331,L'Oreal
PROD00165,Redmi Note 10,Mobiles,68646,41187,Xiaomi
PROD00166,L'Oreal Pariatur,Beauty,48239,28943,L'Oreal
PROD00167,Philips Beatae,Home,87562,52537,Philips
PROD00168,Puma Quisquam T-Shirt,Fashion,41645,24987,Puma
PROD00169,Nulla Maiores,Toys,111651,66990,Nulla
PROD00170,OnePlus Nord 2,Mobiles,87910,52746,OnePlus
PROD00171,LG Assumenda,Home,53243,31945,LG
PROD00172,Corrupti Esse,Toys,39252,23551,Corrupti
PROD00173,L'Oreal Recusandae,Beauty,25644,15386,L'Oreal
PROD00174,Samsung Eum,Home,50195,30117,Samsung
PROD00175,Enim Similique,Toys,98559,59135,Enim
PROD00176,Ideapad,Laptops,72319,43391,Lenovo
PROD00177,OnePlus Nord 2,Mobiles,28049,16829,OnePlus
PROD00178,Samsung Sed,Home,80016,48009,Samsung
PROD00179,Atque Sapiente,Toys,42737,25642,Atque
PROD00180,LG Minima,Home,58454,35072,LG
PROD00181,Sint Maxime,Toys,28510,17106,Sint
PROD00182,Maybelline Accusamus,Beauty,104536,62721,Maybelline
PROD00183,A Necessitatibus,Toys,22741,13644,A
PROD00184,Aliquid Consequatur,Toys,11614,6968,Aliquid
PROD00185,Puma Aliquam T-Shirt,Fashion,87512,52507,Puma
PROD00186,Vel Labore,Toys,81667,49000,Vel
PROD00187,Nike Voluptatem T-Shirt,Fashion,107772,64663,Nike
PROD00188,ThinkPad,Laptops,106217,63730,Lenovo
PROD00189,Inspiron,Laptops,6557,3934,Dell
PROD00190,MacBook Air M1,Laptops,60192,36115,Apple
PROD00191,Samsung Praesentium,Home,75954,45572,Samsung
PROD00192,MacBook Pro M1,Laptops,52883,31729,Apple
PROD00193,Latitude,Laptops,90628,54376,Dell
PROD00194,iPhone 13 Pro,Mobiles,29183,17509,Apple
PROD00195,MacBook Air M1,Laptops,73560,44136,Apple
PROD00196,Envy,Laptops,17977,10786,HP
PROD00197,Samsung Dolorum,Home,70116,42069,Samsung
PROD00198,Maybelline Maxime,Beauty,99492,59695,Maybelline
PROD00199,Samsung Temporibus,Home,107324,64394,Samsung
PROD00200,Quas Ducimus,Toys,117418,70450,Quas
PROD00201,Maybelline Molestiae,Beauty,109364,65618,Maybelline
PROD00202,Maybelline Atque,Beauty,118098,70858,Maybelline
PROD00203,MacBook Pro M1,Laptops,34472,20683,Apple
PROD00204,Yoga,Laptops,64017,38410,Lenovo
PROD00205,Ipsa Placeat,Toys,31858,19114,Ipsa
PROD00206,Adidas Quas T-Shirt,Fashion,10655,6393,Adidas
PROD00207,Cum Veritatis,Toys,37950,22770,Cum
PROD00208,Ideapad,Laptops,42404,25442,Lenovo
PROD00209,L'Oreal Maxime,Beauty,18636,11181,L'Oreal
PROD00210,XPS,Laptops,91457,54874,Dell
PROD00211,Inspiron,Laptops,54877,32926,Dell
PROD00212,LG Tenetur,Home,71621,42972,LG
PROD00213,LG Dolore,Home,8661,5196,LG
PROD00214,MacBook Pro M1,Laptops,119098,71458,Apple
PROD00215,L'Oreal Illum,Beauty,112793,67675,L'Oreal
PROD00216,Maybelline Itaque,Beauty,63018,37810,Maybelline
PROD00217,OnePlus Nord 2,Mobiles,99259,59555,OnePlus
PROD00218,LG Aspernatur,Home,71045,42627,LG
PROD00219,Rem Temporibus,Toys,96789,58073,Rem
PROD00220,L'Oreal Accusantium,Beauty,64493,38695,L'Oreal
PROD00221,Ideapad,Laptops,64154,38492,Lenovo
PROD00222,Poco X3,Mobiles,88170,52902,Xiaomi
PROD00223,Occaecati Labore,Toys,105114,63068,Occaecati
PROD00224,Samsung Saepe,Home,22132,13279,Samsung
PROD00225,Philips Est,Home,82060,49236,Philips
PROD00226,L'Oreal Amet,Beauty,119372,71623,L'Oreal
PROD00227,Samsung At,Home,74475,44685,Samsung
PROD00228,Blanditiis Blanditiis,Toys,4052,2431,Blanditiis
PROD00229,Redmi Note 11,Mobiles,114119,68471,Xiaomi
PROD00230,Philips Perferendis,Home,7090,4254,Philips
PROD00231,Adidas Aspernatur T-Shirt,Fashion,43406,26043,Adidas
PROD00232,MacBook Pro M1,Laptops,44736,26841,Apple
PROD00233,LG Placeat,Home,99067,59440,LG
PROD00234,LG Rerum,Home,109933,65959,LG
PROD00235,Redmi Note 10,Mobiles,98676,59205,Xiaomi
PROD00236,L'Oreal Odio,Beauty,46370,27822,L'Oreal
PROD00237,Spectre,Laptops,5776,3465,HP
PROD00238,Galaxy S21,Mobiles,110499,66299,Samsung
PROD00239,Realme 8,Mobiles,31766,19059,Realme
PROD00240,MacBook Air M1,Laptops,74420,44652,Apple
PROD00241,MacBook Pro M1,Laptops,101018,60610,Apple
PROD00242,Nike Hic T-Shirt,Fashion,79915,47949,Nike
PROD00243,L'Oreal Praesentium,Beauty,102446,61467,L'Oreal
PROD00244,ThinkPad,Laptops,76349,45809,Lenovo
PROD00245,OnePlus Nord CE,Mobiles,52490,31494,OnePlus
PROD00246,Rem Ipsum,Toys,26495,15897,Rem
PROD00247,Realme Narzo 30,Mobiles,109364,65618,Realme
PROD00248,Aliquid Natus,Toys,32330,19398,Aliquid
PROD00249,OnePlus 8T,Mobiles,104863,62917,OnePlus
PROD00250,L'Oreal Illum,Beauty,46008,27604,L'Oreal
PROD00251,Maybelline Praesentium,Beauty,87206,52323,Maybelline
PROD00252,Nike Esse T-Shirt,Fashion,66817,40090,Nike
PROD00253,Voluptas Consectetur,Toys,45225,27135,Voluptas
PROD00254,Poco X4 Pro,Mobiles,14333,8599,Xiaomi
PROD00255,LG Placeat,Home,83807,50284,LG
PROD00256,Samsung Officiis,Home,20552,12331,Samsung
PROD00257,Philips Iure,Home,96680,58008,Philips
PROD00258,Maybelline Non,Beauty,81228,48736,Maybelline
PROD00259,Maybelline Eligendi,Beauty,61431,36858,Maybelline
PROD00260,Samsung Optio,Home,78156,46893,Samsung
PROD00261,Adidas Quasi T-Shirt,Fashion,112135,67281,Adidas
PROD00262,Envy,Laptops,116057,69634,HP
PROD00263,Philips Quidem,Home,98866,59319,Philips
PROD00264,Samsung Facere,Home,80497,48298,Samsung
PROD00265,Cum Voluptatem,Toys,50174,30104,Cum
PROD00266,Nike Veniam T-Shirt,Fashion,65289,39173,Nike
PROD00267,Nike Et T-Shirt,Fashion,64404,38642,Nike
PROD00268,Ideapad,Laptops,45108,27064,Lenovo
PROD00269,Puma Quibusdam T-Shirt,Fashion,92405,55443,Puma
PROD00270,Puma Molestiae T-Shirt,Fashion,1830,1098,Puma
PROD00271,L'Oreal Tenetur,Beauty,11721,7032,L'Oreal
PROD00272,MacBook Pro M1,Laptops,73268,43960,Apple
PROD00273,MacBook Pro M1,Laptops,59243,35545,Apple
PROD00274,iPhone 13,Mobiles,29545,17727,Apple
PROD00275,Samsung Sapiente,Home,32390,19434,Samsung
PROD00276,Puma Mollitia T-Shirt,Fashion,76725,46035,Puma
PROD00277,Adidas Molestiae T-Shirt,Fashion,73044,43826,Adidas
PROD00278,Maybelline Veritatis,Beauty,56271,33762,Maybelline
PROD00279,Suscipit Modi,Toys,72640,43584,Suscipit
PROD00280,Adidas Porro T-Shirt,Fashion,92624,55574,Adidas
PROD00281,LG Laudantium,Home,40689,24413,LG
PROD00282,Nike Doloribus T-Shirt,Fashion,16314,9788,Nike
PROD00283,Voluptatem Incidunt,Toys,25742,15445,Voluptatem
PROD00284,Nike Dicta T-Shirt,Fashion,97870,58722,Nike
PROD00285,L'Oreal Sed,Beauty,25605,15363,L'Oreal
PROD00286,MacBook Pro M1,Laptops,95472,57283,Apple
PROD00287,Maybelline Nihil,Beauty,13676,8205,Maybelline
PROD00288,ThinkPad,Laptops,47801,28680,Lenovo
PROD00289,ThinkPad,Laptops,93301,55980,Lenovo
PROD00290,L'Oreal Cumque,Beauty,36454,21872,L'Oreal
PROD00291,iPhone 14,Mobiles,38790,23274,Apple
PROD00292,Quae Ab,Toys,17051,10230,Quae
PROD00293,Adipisci Quidem,Toys,114330,68598,Adipisci
PROD00294,Philips Commodi,Home,114889,68933,Philips
PROD00295,Realme 9,Mobiles,62024,37214,Realme
PROD00296,LG Non,Home,45157,27094,LG
PROD00297,Envy,Laptops,113447,68068,HP
PROD00298,Philips Harum,Home,108256,64953,Philips
PROD00299,Poco X4 Pro,Mobiles,10210,6126,Xiaomi
PROD00300,L'Oreal Exercitationem,Beauty,20387,12232,L'Oreal
PROD00301,ThinkPad,Laptops,33030,19818,Lenovo
PROD00302,Realme 9,Mobiles,79971,47982,Realme
PROD00303,L'Oreal Doloribus,Beauty,102171,61302,L'Oreal
PROD00304,Maybelline Reiciendis,Beauty,59549,35729,Maybelline
PROD00305,LG Consequuntur,Home,113243,67945,LG
PROD00306,Maybelline Quod,Beauty,40526,24315,Maybelline
PROD00307,L'Oreal Ad,Beauty,80405,48243,L'Oreal
PROD00308,A Reprehenderit,Toys,13506,8103,A
PROD00309,XPS,Laptops,87063,52237,Dell
PROD00310,Galaxy S21,Mobiles,23282,13969,Samsung
PROD00311,L'Oreal Assumenda,Beauty,21017,12610,L'Oreal
PROD00312,Poco X4 Pro,Mobiles,90857,54514,Xiaomi
PROD00313,Maybelline Praesentium,Beauty,38675,23205,Maybelline
PROD00314,Galaxy M31,Mobiles,93162,55897,Samsung
PROD00315,Puma Non T-Shirt,Fashion,113170,67902,Puma
PROD00316,Philips Odio,Home,90596,54357,Philips
PROD00317,Yoga,Laptops,77804,46682,Lenovo
PROD00318,Quo Facilis,Toys,105869,63521,Quo
PROD00319,MacBook Air M1,Laptops,71876,43125,Apple
PROD00320,XPS,Laptops,108848,65308,Dell
PROD00321,Pavilion,Laptops,22247,13348,HP
PROD00322,Puma Tempora T-Shirt,Fashion,98667,59200,Puma
PROD00323,Maybelline Ullam,Beauty,58060,34836,Maybelline
PROD00324,Poco X3,Mobiles,92215,55329,Xiaomi
PROD00325,LG Et,Home,66097,39658,LG
PROD00326,Maybelline Quo,Beauty,57877,34726,Maybelline
PROD00327,Realme 8,Mobiles,117078,70246,Realme
PROD00328,Samsung Aut,Home,42747,25648,Samsung
PROD00329,Maybelline Neque,Beauty,3890,2334,Maybelline
PROD00330,Galaxy S20,Mobiles,100738,60442,Samsung
PROD00331,Eos Odit,Toys,108165,64899,Eos
PROD00332,Puma Odit T-Shirt,Fashion,5773,3463,Puma
PROD00333,MacBook Pro M1,Laptops,36958,22174,Apple
PROD00334,MacBook Pro M1,Laptops,12459,7475,Apple
PROD00335,LG Odit,Home,54023,32413,LG
PROD00336,Adidas Nesciunt T-Shirt,Fashion,88335,53001,Adidas
PROD00337,Galaxy M31,Mobiles,54455,32673,Samsung
PROD00338,Nobis Perferendis,Toys,65442,39265,Nobis
PROD00339,Puma Sunt T-Shirt,Fashion,52988,31792,Puma
PROD00340,L'Oreal Magnam,Beauty,60114,36068,L'Oreal
PROD00341,OnePlus Nord 2,Mobiles,42872,25723,OnePlus
PROD00342,Redmi Note 10,Mobiles,86700,52020,Xiaomi
PROD00343,Maybelline Laborum,Beauty,54665,32799,Maybelline
PROD00344,Galaxy M31,Mobiles,82109,49265,Samsung
PROD00345,Samsung Eius,Home,58439,35063,Samsung
PROD00346,Galaxy M31,Mobiles,72487,43492,Samsung
PROD00347,Ideapad,Laptops,115954,69572,Lenovo
PROD00348,Ut Incidunt,Toys,64032,38419,Ut
PROD00349,iPhone 14,Mobiles,105267,63160,Apple
PROD00350,XPS,Laptops,72699,43619,Dell
PROD00351,Realme 9,Mobiles,12717,7630,Realme
PROD00352,Envy,Laptops,15896,9537,HP
PROD00353,Officiis Doloremque,Toys,109570,65742,Officiis
PROD00354,MacBook Pro M1,Laptops,67198,40318,Apple
PROD00355,Corporis Doloribus,Toys,36338,21802,Corporis
PROD00356,LG Quisquam,Home,62394,37436,LG
PROD00357,MacBook Air M1,Laptops,50777,30466,Apple
PROD00358,Inspiron,Laptops,36708,22024,Dell
PROD00359,LG Facere,Home,103747,62248,LG
PROD00360,Maybelline Exercitationem,Beauty,108051,64830,Maybelline
PROD00361,OnePlus Nord 2,Mobiles,110269,66161,OnePlus
PROD00362,Maybelline Inventore,Beauty,113911,68346,Maybelline
PROD00363,MacBook Pro M1,Laptops,45736,27441,Apple
PROD00364,Puma Laborum T-Shirt,Fashion,100491,60294,Puma
PROD00365,Maybelline Inventore,Beauty,60182,36109,Maybelline
PROD00366,Nike Tenetur T-Shirt,Fashion,91922,55153,Nike
PROD00367,MacBook Air M1,Laptops,112699,67619,Apple
PROD00368,Philips Itaque,Home,42204,25322,Philips
PROD00369,Quo Quia,Toys,62493,37495,Quo
PROD00370,Minus Culpa,Toys,106852,64111,Minus
PROD00371,LG Voluptas,Home,87491,52494,LG
PROD00372,Perferendis Sunt,Toys,20436,12261,Perferendis
PROD00373,Philips Itaque,Home,17047,10228,Philips
PROD00374,Maybelline Corporis,Beauty,114493,68695,Maybelline
PROD00375,Redmi Note 10,Mobiles,69437,41662,Xiaomi
PROD00376,Philips Omnis,Home,95192,57115,Philips
PROD00377,MacBook Air M1,Laptops,10307,6184,Apple
PROD00378,LG Aperiam,Home,44875,26925,LG
PROD00379,Maybelline Ducimus,Beauty,85675,51405,Maybelline
PROD00380,OnePlus Nord CE,Mobiles,42005,25203,OnePlus
PROD00381,Dolores Laudantium,Toys,94703,56821,Dolores
PROD00382,Samsung Vel,Home,5205,3123,Samsung
PROD00383,L'Oreal Exercitationem,Beauty,31271,18762,L'Oreal
PROD00384,Vel Sequi,Toys,90205,54123,Vel
PROD00385,Nike Exercitationem T-Shirt,Fashion,98380,59028,Nike
PROD00386,Redmi Note 10,Mobiles,100163,60097,Xiaomi
PROD00387,Minus Sapiente,Toys,92760,55656,Minus
PROD00388,Redmi Note 11,Mobiles,91464,54878,Xiaomi
PROD00389,Nike Numquam T-Shirt,Fashion,6528,3916,Nike
PROD00390,Nike Voluptatibus T-Shirt,Fashion,38952,23371,Nike
PROD00391,Adidas Nam T-Shirt,Fashion,56950,34170,Adidas
PROD00392,Latitude,Laptops,54508,32704,Dell
PROD00393,L'Oreal Nobis,Beauty,22780,13668,L'Oreal
PROD00394,Spectre,Laptops,114642,68785,HP
PROD00395,Samsung Officiis,Home,90039,54023,Samsung
PROD00396,MacBook Air M1,Laptops,30933,18559,Apple
PROD00397,Samsung Consequuntur,Home,33789,20273,Samsung
PROD00398,LG Omnis,Home,87904,52742,LG
PROD00399,Poco X3,Mobiles,89315,53589,Xiaomi
PROD00400,L'Oreal Consectetur,Beauty,10181,6108,L'Oreal
PROD00401,LG Quidem,Home,77514,46508,LG
PROD00402,Puma Libero T-Shirt,Fashion,56115,33669,Puma
PROD00403,Aut Sunt,Toys,33280,19968,Aut
PROD00404,LG Quaerat,Home,26611,15966,LG
PROD00405,LG Nulla,Home,14479,8687,LG
PROD00406,MacBook Pro M1,Laptops,75841,45504,Apple
PROD00407,Puma Aperiam T-Shirt,Fashion,39196,23517,Puma
PROD00408,Poco X3,Mobiles,1561,936,Xiaomi
PROD00409,L'Oreal Corrupti,Beauty,119856,71913,L'Oreal
PROD00410,Maybelline Vel,Beauty,109661,65796,Maybelline
PROD00411,Nike Numquam T-Shirt,Fashion,80069,48041,Nike
PROD00412,Nike Accusamus T-Shirt,Fashion,83942,50365,Nike
PROD00413,Yoga,Laptops,99535,59721,Lenovo
PROD00414,Architecto Occaecati,Toys,101093,60655,Architecto
PROD00415,Excepturi Hic,Toys,89741,53844,Excepturi
PROD00416,Spectre,Laptops,85217,51130,HP
PROD00417,OnePlus Nord CE,Mobiles,4873,2923,OnePlus
PROD00418,Maybelline Accusantium,Beauty,96491,57894,Maybelline
PROD00419,Envy,Laptops,43323,25993,HP
PROD00420,Totam Ab,Toys,54960,32976,Totam
PROD00421,Inspiron,Laptops,103589,62153,Dell
PROD00422,Maybelline Enim,Beauty,70079,42047,Maybelline
PROD00423,Maybelline Ratione,Beauty,109351,65610,Maybelline
PROD00424,Ideapad,Laptops,106208,63724,Lenovo
PROD00425,Puma Veritatis T-Shirt,Fashion,114584,68750,Puma
PROD00426,Nike Soluta T-Shirt,Fashion,61885,37131,Nike
PROD00427,Galaxy S21,Mobiles,113240,67944,Samsung
PROD00428,Iure Ab,Toys,95424,57254,Iure
PROD00429,Similique Nihil,Toys,52589,31553,Similique
PROD00430,Maybelline Vitae,Beauty,12336,7401,Maybelline
PROD00431,Philips Fugit,Home,35163,21097,Philips
PROD00432,L'Oreal Cum,Beauty,60109,36065,L'Oreal
PROD00433,Puma Velit T-Shirt,Fashion,98674,59204,Puma
PROD00434,Fuga Cupiditate,Toys,34862,20917,Fuga
PROD00435,Maybelline Ab,Beauty,108295,64977,Maybelline
PROD00436,In Assumenda,Toys,49189,29513,In
PROD00437,Galaxy Note 20,Mobiles,3780,2268,Samsung
PROD00438,Maybelline Voluptas,Beauty,80464,48278,Maybelline
PROD00439,Spectre,Laptops,108484,65090,HP
PROD00440,Samsung Debitis,Home,40108,24064,Samsung
PROD00441,Aliquam Ad,Toys,54016,32409,Aliquam
PROD00442,Galaxy S20,Mobiles,5377,3226,Samsung
PROD00443,Adidas Blanditiis T-Shirt,Fashion,15720,9432,Adidas
PROD00444,Galaxy S21,Mobiles,51440,30864,Samsung
PROD00445,LG Incidunt,Home,88381,53028,LG
PROD00446,Repellat Officiis,Toys,91789,55073,Repellat
PROD00447,Maybelline Inventore,Beauty,77483,46489,Maybelline
PROD00448,Consequatur Architecto,Toys,95736,57441,Consequatur
PROD00449,MacBook Air M1,Laptops,109773,65863,Apple
PROD00450,Samsung Minus,Home,53992,32395,Samsung
PROD00451,Nike Ipsam T-Shirt,Fashion,90976,54585,Nike
PROD00452,Nike Eveniet T-Shirt,Fashion,58615,35169,Nike
PROD00453,Philips Modi,Home,112625,67575,Philips
PROD00454,Nike Quisquam T-Shirt,Fashion,90373,54223,Nike
PROD00455,Puma Ipsam T-Shirt,Fashion,118687,71212,Puma
PROD00456,Repudiandae Alias,Toys,47512,28507,Repudiandae
PROD00457,Poco X3,Mobiles,25378,15226,Xiaomi
PROD00458,Redmi Note 10,Mobiles,87370,52422,Xiaomi
PROD00459,Pavilion,Laptops,103626,62175,HP
PROD00460,Nike Numquam T-Shirt,Fashion,17005,10203,Nike
PROD00461,L'Oreal Exercitationem,Beauty,9492,5695,L'Oreal
PROD00462,L'Oreal Vitae,Beauty,77358,46414,L'Oreal
PROD00463,XPS,Laptops,101998,61198,Dell
PROD00464,Envy,Laptops,113013,67807,HP
PROD00465,Latitude,Laptops,33353,20011,Dell
PROD00466,Spectre,Laptops,114067,68440,HP
PROD00467,Galaxy S20,Mobiles,47455,28473,Samsung
PROD00468,ThinkPad,Laptops,23338,14002,Lenovo
PROD00469,Nike Fugiat T-Shirt,Fashion,17114,10268,Nike
PROD00470,Deleniti Incidunt,Toys,55676,33405,Deleniti
PROD00471,L'Oreal Earum,Beauty,98235,58941,L'Oreal
PROD00472,Poco X4 Pro,Mobiles,102476,61485,Xiaomi
PROD00473,Puma Debitis T-Shirt,Fashion,78312,46987,Puma
PROD00474,Redmi Note 11,Mobiles,81123,48673,Xiaomi
PROD00475,Realme 9,Mobiles,60536,36321,Realme
PROD00476,Quibusdam Aperiam,Toys,4582,2749,Quibusdam
PROD00477,Poco X4 Pro,Mobiles,56372,33823,Xiaomi
PROD00478,Deleniti Dolore,Toys,14650,8790,Deleniti
PROD00479,Samsung Porro,Home,119736,71841,Samsung
PROD00480,Philips Laudantium,Home,118368,71020,Philips
PROD00481,OnePlus 9,Mobiles,9109,5465,OnePlus
PROD00482,Yoga,Laptops,83478,50086,Lenovo
PROD00483,Maybelline Quia,Beauty,50425,30255,Maybelline
PROD00484,Maybelline Neque,Beauty,59969,35981,Maybelline
PROD00485,Maybelline Expedita,Beauty,13499,8099,Maybelline
PROD00486,Reiciendis Laborum,Toys,15496,9297,Reiciendis
PROD00487,Est Inventore,Toys,85816,51489,Est
PROD00488,L'Oreal Dignissimos,Beauty,56870,34122,L'Oreal
PROD00489,Philips Deserunt,Home,54739,32843,Philips
PROD00490,Adidas Ea T-Shirt,Fashion,52762,31657,Adidas
PROD00491,Samsung Earum,Home,12963,7777,Samsung
PROD00492,Adidas Facilis T-Shirt,Fashion,41463,24877,Adidas
PROD00493,Sapiente Aut,Toys,33908,20344,Sapiente
PROD00494,Nike Ea T-Shirt,Fashion,90523,54313,Nike
PROD00495,Philips Laudantium,Home,12457,7474,Philips
PROD00496,iPhone 13 Pro,Mobiles,13156,7893,Apple
PROD00497,Cupiditate Sint,Toys,97335,58401,Cupiditate
PROD00498,Nike Deserunt T-Shirt,Fashion,73424,44054,Nike
PROD00499,Realme Narzo 30,Mobiles,74120,44472,Realme
PROD00500,Puma Accusantium T-Shirt,Fashion,16521,9912,Puma
PROD00501,LG Similique,Home,115005,69003,LG
PROD00502,Officia Deserunt,Toys,98841,59304,Officia
PROD00503,Samsung Eaque,Home,7243,4345,Samsung
PROD00504,Puma Omnis T-Shirt,Fashion,41453,24871,Puma
PROD00505,Nike Corporis T-Shirt,Fashion,76248,45748,Nike
PROD00506,L'Oreal Reiciendis,Beauty,20780,12468,L'Oreal
PROD00507,Laudantium Accusamus,Toys,63701,38220,Laudantium
PROD00508,Envy,Laptops,111304,66782,HP
PROD00509,Maybelline Alias,Beauty,15558,9334,Maybelline
PROD00510,Puma Officiis T-Shirt,Fashion,30143,18085,Puma
PROD00511,Samsung Temporibus,Home,101088,60652,Samsung
PROD00512,L'Oreal Laudantium,Beauty,80322,48193,L'Oreal
PROD00513,Dolor Quae,Toys,109219,65531,Dolor
PROD00514,Optio Rem,Toys,35554,21332,Optio
PROD00515,Galaxy M31,Mobiles,92604,55562,Samsung
PROD00516,Adidas Itaque T-Shirt,Fashion,46509,27905,Adidas
PROD00517,Galaxy S21,Mobiles,74728,44836,Samsung
PROD00518,Nam Quia,Toys,53031,31818,Nam
PROD00519,Galaxy S20,Mobiles,12526,7515,Samsung
PROD00520,Autem At,Toys,70031,42018,Autem
PROD00521,MacBook Pro M1,Laptops,59960,35976,Apple
PROD00522,Nike Aperiam T-Shirt,Fashion,49003,29401,Nike
PROD00523,Puma Quis T-Shirt,Fashion,43017,25810,Puma
PROD00524,L'Oreal Eos,Beauty,116281,69768,L'Oreal
PROD00525,Galaxy S21,Mobiles,99385,59631,Samsung
PROD00526,L'Oreal Beatae,Beauty,88838,53302,L'Oreal
PROD00527,OnePlus Nord CE,Mobiles,87261,52356,OnePlus
PROD00528,LG Quos,Home,80070,48042,LG
PROD00529,LG Dolore,Home,36304,21782,LG
PROD00530,Envy,Laptops,56849,34109,HP
PROD00531,OnePlus Nord CE,Mobiles,69566,41739,OnePlus
PROD00532,Provident Ea,Toys,40925,24555,Provident
PROD00533,Galaxy Note 20,Mobiles,79054,47432,Samsung
PROD00534,iPhone 12 Mini,Mobiles,40007,24004,Apple
PROD00535,XPS,Laptops,38438,23062,Dell
PROD00536,Nike Enim T-Shirt,Fashion,1513,907,Nike
PROD00537,Samsung Quia,Home,56946,34167,Samsung
PROD00538,XPS,Laptops,70306,42183,Dell
PROD00539,Illo Facere,Toys,30661,18396,Illo
PROD00540,Maybelline Corrupti,Beauty,9947,5968,Maybelline
PROD00541,Samsung Consequatur,Home,6044,3626,Samsung
PROD00542,Philips Molestias,Home,60760,36456,Philips
PROD00543,OnePlus Nord CE,Mobiles,75656,45393,OnePlus
PROD00544,Samsung Natus,Home,84404,50642,Samsung
PROD00545,LG Earum,Home,15596,9357,LG
PROD00546,Philips Recusandae,Home,43068,25840,Philips
PROD00547,MacBook Pro M1,Laptops,12051,7230,Apple
PROD00548,Philips Illo,Home,32391,19434,Philips
PROD00549,Samsung Corporis,Home,52987,31792,Samsung
PROD00550,L'Oreal Aliquam,Beauty,52373,31423,L'Oreal
PROD00551,Puma Officiis T-Shirt,Fashion,45000,27000,Puma
PROD00552,ThinkPad,Laptops,10511,6306,Lenovo
PROD00553,L'Oreal Illo,Beauty,70047,42028,L'Oreal
PROD00554,L'Oreal Culpa,Beauty,119241,71544,L'Oreal
PROD00555,Adidas Corrupti T-Shirt,Fashion,95839,57503,Adidas
PROD00556,Aperiam Quibusdam,Toys,107328,64396,Aperiam
PROD00557,Inspiron,Laptops,19694,11816,Dell
PROD00558,Nike Odio T-Shirt,Fashion,23240,13944,Nike
PROD00559,L'Oreal Praesentium,Beauty,100142,60085,L'Oreal
PROD00560,Sint Minus,Toys,10376,6225,Sint
PROD00561,MacBook Pro M1,Laptops,99386,59631,Apple
PROD00562,Maybelline Reiciendis,Beauty,89777,53866,Maybelline
PROD00563,Maybelline Natus,Beauty,113778,68266,Maybelline
PROD00564,Illum A,Toys,41936,25161,Illum
PROD00565,MacBook Air M1,Laptops,61962,37177,Apple
PROD00566,Samsung Cumque,Home,40191,24114,Samsung
PROD00567,Puma Rerum T-Shirt,Fashion,7862,4717,Puma
PROD00568,Puma Recusandae T-Shirt,Fashion,10224,6134,Puma
PROD00569,Adidas Alias T-Shirt,Fashion,59733,35839,Adidas
PROD00570,iPhone 13,Mobiles,109512,65707,Apple
PROD00571,Nike Vitae T-Shirt,Fashion,84997,50998,Nike
PROD00572,Realme Narzo 30,Mobiles,66962,40177,Realme
PROD00573,LG Nobis,Home,76564,45938,LG
PROD00574,L'Oreal Enim,Beauty,59447,35668,L'Oreal
PROD00575,L'Oreal Necessitatibus,Beauty,42643,25585,L'Oreal
PROD00576,Maybelline Asperiores,Beauty,66215,39729,Maybelline
PROD00577,Envy,Laptops,14066,8439,HP
PROD00578,Puma Atque T-Shirt,Fashion,11553,6931,Puma
PROD00579,L'Oreal Impedit,Beauty,5630,3378,L'Oreal
PROD00580,MacBook Pro M1,Laptops,69190,41514,Apple
PROD00581,L'Oreal Quos,Beauty,48196,28917,L'Oreal
PROD00582,Adidas Maxime T-Shirt,Fashion,51279,30767,Adidas
PROD00583,LG Possimus,Home,89484,53690,LG
PROD00584,L'Oreal Earum,Beauty,103945,62367,L'Oreal
PROD00585,Dicta Praesentium,Toys,85343,51205,Dicta
PROD00586,Nike Dignissimos T-Shirt,Fashion,43713,26227,Nike
PROD00587,Realme Narzo 30,Mobiles,51167,30700,Realme
PROD00588,Adidas Facilis T-Shirt,Fashion,95361,57216,Adidas
PROD00589,Saepe Perspiciatis,Toys,119296,71577,Saepe
PROD00590,L'Oreal Architecto,Beauty,44194,26516,L'Oreal
PROD00591,Realme Narzo 30,Mobiles,19037,11422,Realme
PROD00592,Adidas Necessitatibus T-Shirt,Fashion,86490,51894,Adidas
PROD00593,Nulla Vero,Toys,87287,52372,Nulla
PROD00594,Philips Aut,Home,78493,47095,Philips
PROD00595,Ut Rem,Toys,11604,6962,Ut
PROD00596,Puma Ex T-Shirt,Fashion,49872,29923,Puma
PROD00597,Ratione Ducimus,Toys,104264,62558,Ratione
PROD00598,Nike Quae T-Shirt,Fashion,88333,52999,Nike
PROD00599,A Eligendi,Toys,109153,65491,A
PROD00600,Sint Labore,Toys,90338,54202,Sint
PROD00601,L'Oreal Corrupti,Beauty,85175,51105,L'Oreal
PROD00602,Sit Ea,Toys,55996,33597,Sit
PROD00603,Maybelline Impedit,Beauty,2889,1733,Maybelline
PROD00604,Adidas Minus T-Shirt,Fashion,24127,14476,Adidas
PROD00605,Ideapad,Laptops,25666,15399,Lenovo
PROD00606,Inspiron,Laptops,10614,6368,Dell
PROD00607,Nike Assumenda T-Shirt,Fashion,67043,40225,Nike
PROD00608,L'Oreal Similique,Beauty,87260,52356,L'Oreal
PROD00609,Puma In T-Shirt,Fashion,17676,10605,Puma
PROD00610,Maybelline Tempora,Beauty,20718,12430,Maybelline
PROD00611,Latitude,Laptops,101569,60941,Dell
PROD00612,L'Oreal Laudantium,Beauty,95026,57015,L'Oreal
PROD00613,Philips Quibusdam,Home,54352,32611,Philips
PROD00614,Puma Atque T-Shirt,Fashion,94817,56890,Puma
PROD00615,MacBook Pro M1,Laptops,99117,59470,Apple
PROD00616,Velit Ipsum,Toys,103234,61940,Velit
PROD00617,Philips Esse,Home,70493,42295,Philips
PROD00618,Ideapad,Laptops,118985,71391,Lenovo
PROD00619,Yoga,Laptops,75266,45159,Lenovo
PROD00620,LG Recusandae,Home,101351,60810,LG
PROD00621,Adidas Nostrum T-Shirt,Fashion,66416,39849,Adidas
PROD00622,Maybelline Et,Beauty,21741,13044,Maybelline
PROD00623,XPS,Laptops,7339,4403,Dell
PROD00624,Ab Cumque,Toys,63491,38094,Ab
PROD00625,Puma Necessitatibus T-Shirt,Fashion,13946,8367,Puma
PROD00626,Excepturi Ad,Toys,111372,66823,Excepturi
PROD00627,L'Oreal Molestiae,Beauty,37863,22717,L'Oreal
PROD00628,Galaxy M31,Mobiles,59393,35635,Samsung
PROD00629,L'Oreal Quam,Beauty,109426,65655,L'Oreal
PROD00630,Philips Quis,Home,119841,71904,Philips
PROD00631,MacBook Pro M1,Laptops,3995,2397,Apple
PROD00632,Philips Aliquid,Home,52464,31478,Philips
PROD00633,Maybelline Reiciendis,Beauty,31403,18841,Maybelline
PROD00634,Philips Labore,Home,49640,29784,Philips
PROD00635,Envy,Laptops,13487,8092,HP
PROD00636,Natus Iste,Toys,85691,51414,Natus
PROD00637,Nike Iure T-Shirt,Fashion,18535,11121,Nike
PROD00638,OnePlus Nord CE,Mobiles,91735,55041,OnePlus
PROD00639,MacBook Pro M1,Laptops,81154,48692,Apple
PROD00640,iPhone 12,Mobiles,34044,20426,Apple
PROD00641,Latitude,Laptops,95820,57492,Dell
PROD00642,Maybelline Consectetur,Beauty,15073,9043,Maybelline
PROD00643,Nike Inventore T-Shirt,Fashion,39972,23983,Nike
PROD00644,iPhone 12 Mini,Mobiles,55527,33316,Apple
PROD00645,Qui Doloribus,Toys,104557,62734,Qui
PROD00646,Maybelline Quasi,Beauty,8732,5239,Maybelline
PROD00647,Redmi Note 10,Mobiles,83331,49998,Xiaomi
PROD00648,L'Oreal Occaecati,Beauty,94681,56808,L'Oreal
PROD00649,Ideapad,Laptops,705,423,Lenovo
PROD00650,Maybelline Error,Beauty,32031,19218,Maybelline
PROD00651,Maybelline Quia,Beauty,25051,15030,Maybelline
PROD00652,Velit Assumenda,Toys,88084,52850,Velit
PROD00653,Realme 9,Mobiles,9370,5622,Realme
PROD00654,L'Oreal Molestiae,Beauty,51677,31006,L'Oreal
PROD00655,Philips Quam,Home,83818,50290,Philips
PROD00656,LG Dolore,Home,33746,20247,LG
PROD00657,Odio Ipsa,Toys,2628,1576,Odio
PROD00658,Nike Atque T-Shirt,Fashion,45693,27415,Nike
PROD00659,Spectre,Laptops,96862,58117,HP
PROD00660,Nike Modi T-Shirt,Fashion,6311,3786,Nike
PROD00661,Puma Minus T-Shirt,Fashion,44874,26924,Puma
PROD00662,Delectus Maxime,Toys,23449,14069,Delectus
PROD00663,Excepturi Necessitatibus,Toys,61399,36839,Excepturi
PROD00664,Tempore Blanditiis,Toys,63222,37933,Tempore
PROD00665,Tenetur Doloremque,Toys,24391,14634,Tenetur
PROD00666,Spectre,Laptops,102236,61341,HP
PROD00667,Philips Enim,Home,38962,23377,Philips
PROD00668,Pavilion,Laptops,116602,69961,HP
PROD00669,OnePlus Nord 2,Mobiles,68052,40831,OnePlus
PROD00670,Samsung Commodi,Home,62549,37529,Samsung
PROD00671,Nike Vero T-Shirt,Fashion,99235,59541,Nike
PROD00672,Quidem Repellendus,Toys,25548,15328,Quidem
PROD00673,Adidas Quos T-Shirt,Fashion,113502,68101,Adidas
PROD00674,OnePlus Nord 2,Mobiles,16815,10089,OnePlus
PROD00675,Adidas Corrupti T-Shirt,Fashion,117086,70251,Adidas
PROD00676,Samsung Rerum,Home,58137,34882,Samsung
PROD00677,LG Praesentium,Home,24986,14991,LG
PROD00678,Samsung Quod,Home,65711,39426,Samsung
PROD00679,Puma Vitae T-Shirt,Fashion,35459,21275,Puma
PROD00680,Redmi Note 10,Mobiles,56940,34164,Xiaomi
PROD00681,L'Oreal Dolor,Beauty,71996,43197,L'Oreal
PROD00682,Adidas Praesentium T-Shirt,Fashion,13947,8368,Adidas
PROD00683,OnePlus Nord 2,Mobiles,40673,24403,OnePlus
PROD00684,Samsung Dolorum,Home,94565,56739,Samsung
PROD00685,Philips Ut,Home,90908,54544,Philips
PROD00686,LG Tempora,Home,59106,35463,LG
PROD00687,OnePlus Nord CE,Mobiles,36486,21891,OnePlus
PROD00688,Quibusdam Molestiae,Toys,104240,62544,Quibusdam
PROD00689,iPhone 13 Pro,Mobiles,48119,28871,Apple
PROD00690,L'Oreal Molestias,Beauty,4581,2748,L'Oreal
PROD00691,MacBook Air M1,Laptops,17045,10227,Apple
PROD00692,Galaxy M31,Mobiles,47967,28780,Samsung
PROD00693,Samsung Dignissimos,Home,4744,2846,Samsung
PROD00694,L'Oreal Exercitationem,Beauty,89506,53703,L'Oreal
PROD00695,LG Dicta,Home,49260,29556,LG
PROD00696,Philips Necessitatibus,Home,75725,45435,Philips
PROD00697,Ideapad,Laptops,41707,25024,Lenovo
PROD00698,Consequuntur Animi,Toys,37028,22216,Consequuntur
PROD00699,Pavilion,Laptops,96926,58155,HP
PROD00700,MacBook Pro M1,Laptops,74119,44471,Apple
PROD00701,OnePlus Nord 2,Mobiles,92779,55667,OnePlus
PROD00702,Philips Id,Home,80699,48419,Philips
PROD00703,Puma Ipsam T-Shirt,Fashion,64882,38929,Puma
PROD00704,Pavilion,Laptops,112281,67368,HP
PROD00705,Redmi Note 11,Mobiles,118291,70974,Xiaomi
PROD00706,Blanditiis Accusamus,Toys,58841,35304,Blanditiis
PROD00707,OnePlus Nord 2,Mobiles,93500,56100,OnePlus
PROD00708,Realme Narzo 30,Mobiles,38558,23134,Realme
PROD00709,Nike Aliquam T-Shirt,Fashion,93798,56278,Nike
PROD00710,Dolores Esse,Toys,92279,55367,Dolores
PROD00711,Voluptatibus Pariatur,Toys,23318,13990,Voluptatibus
PROD00712,Puma Repudiandae T-Shirt,Fashion,29891,17934,Puma
PROD00713,Galaxy S21,Mobiles,31529,18917,Samsung
PROD00714,Philips Nesciunt,Home,47803,28681,Philips
PROD00715,Maybelline Maiores,Beauty,61763,37057,Maybelline
PROD00716,L'Oreal Autem,Beauty,80709,48425,L'Oreal
PROD00717,iPhone 13,Mobiles,52687,31612,Apple
PROD00718,Aspernatur Sequi,Toys,94723,56833,Aspernatur
PROD00719,Samsung Enim,Home,54343,32605,Samsung
PROD00720,Samsung Quia,Home,10166,6099,Samsung
PROD00721,Yoga,Laptops,10220,6132,Lenovo
PROD00722,LG Recusandae,Home,89643,53785,LG
PROD00723,Maybelline Est,Beauty,17321,10392,Maybelline
PROD00724,L'Oreal Debitis,Beauty,101134,60680,L'Oreal
PROD00725,MacBook Air M1,Laptops,109472,65683,Apple
PROD00726,Realme 8,Mobiles,40362,24217,Realme
PROD00727,XPS,Laptops,93473,56083,Dell
PROD00728,Yoga,Laptops,117799,70679,Lenovo
PROD00729,Nike Atque T-Shirt,Fashion,33347,20008,Nike
PROD00730,ThinkPad,Laptops,82422,49453,Lenovo
PROD00731,Puma Fuga T-Shirt,Fashion,70424,42254,Puma
PROD00732,Realme Narzo 30,Mobiles,22603,13561,Realme
PROD00733,L'Oreal Impedit,Beauty,22939,13763,L'Oreal
PROD00734,Nesciunt Veritatis,Toys,82351,49410,Nesciunt
PROD00735,Officiis Perspiciatis,Toys,118727,71236,Officiis
PROD00736,Maybelline Cupiditate,Beauty,110932,66559,Maybelline
PROD00737,L'Oreal Ducimus,Beauty,108665,65199,L'Oreal
PROD00738,iPhone 12,Mobiles,84576,50745,Apple
PROD00739,Maybelline Delectus,Beauty,85844,51506,Maybelline
PROD00740,MacBook Air M1,Laptops,65778,39466,Apple
PROD00741,Corporis Quam,Toys,72009,43205,Corporis
PROD00742,Puma Quibusdam T-Shirt,Fashion,40096,24057,Puma
PROD00743,Philips Animi,Home,105972,63583,Philips
PROD00744,Sequi Ipsam,Toys,53727,32236,Sequi
PROD00745,Adidas Atque T-Shirt,Fashion,10064,6038,Adidas
PROD00746,Labore Voluptatibus,Toys,8352,5011,Labore
PROD00747,MacBook Pro M1,Laptops,63971,38382,Apple
PROD00748,Philips Ea,Home,45089,27053,Philips
PROD00749,L'Oreal Rerum,Beauty,41470,24882,L'Oreal
PROD00750,Iure Voluptatibus,Toys,42353,25411,Iure
PROD00751,Expedita Recusandae,Toys,113323,67993,Expedita
PROD00752,Adidas Deleniti T-Shirt,Fashion,17639,10583,Adidas
PROD00753,Puma Earum T-Shirt,Fashion,74116,44469,Puma
PROD00754,OnePlus 9,Mobiles,61641,36984,OnePlus
PROD00755,OnePlus Nord CE,Mobiles,32995,19797,OnePlus
PROD00756,Pavilion,Laptops,38538,23122,HP
PROD00757,Samsung Tempora,Home,55305,33183,Samsung
PROD00758,XPS,Laptops,76218,45730,Dell
PROD00759,Mollitia Qui,Toys,41488,24892,Mollitia
PROD00760,XPS,Laptops,67966,40779,Dell
PROD00761,LG Quos,Home,115722,69433,LG
PROD00762,Adidas Repellat T-Shirt,Fashion,3537,2122,Adidas
PROD00763,Poco X4 Pro,Mobiles,32052,19231,Xiaomi
PROD00764,ThinkPad,Laptops,7124,4274,Lenovo
PROD00765,Adidas Reprehenderit T-Shirt,Fashion,78817,47290,Adidas
PROD00766,Maiores Totam,Toys,88648,53188,Maiores
PROD00767,LG Reiciendis,Home,70845,42507,LG
PROD00768,iPhone 13 Pro,Mobiles,18055,10833,Apple
PROD00769,Puma Possimus T-Shirt,Fashion,48443,29065,Puma
PROD00770,LG Fugiat,Home,6430,3858,LG
PROD00771,Philips Dolores,Home,75247,45148,Philips
PROD00772,L'Oreal Consectetur,Beauty,48016,28809,L'Oreal
PROD00773,Maybelline Ipsum,Beauty,10137,6082,Maybelline
PROD00774,Samsung Blanditiis,Home,59528,35716,Samsung
PROD00775,Maybelline Reprehenderit,Beauty,108675,65205,Maybelline
PROD00776,L'Oreal Voluptatem,Beauty,17364,10418,L'Oreal
PROD00777,Poco X3,Mobiles,104688,62812,Xiaomi
PROD00778,Puma Nostrum T-Shirt,Fashion,48420,29052,Puma
PROD00779,Latitude,Laptops,67231,40338,Dell
PROD00780,Samsung Ad,Home,5776,3465,Samsung
PROD00781,iPhone 12 Mini,Mobiles,94031,56418,Apple
PROD00782,Adidas Voluptatibus T-Shirt,Fashion,68569,41141,Adidas
PROD00783,Philips Natus,Home,79963,47977,Philips
PROD00784,L'Oreal Vel,Beauty,43487,26092,L'Oreal
PROD00785,Maybelline Asperiores,Beauty,21799,13079,Maybelline
PROD00786,Samsung Officia,Home,97404,58442,Samsung
PROD00787,Puma Mollitia T-Shirt,Fashion,44589,26753,Puma
PROD00788,Maybelline Quisquam,Beauty,93395,56037,Maybelline
PROD00789,Maybelline Excepturi,Beauty,62745,37647,Maybelline
PROD00790,OnePlus Nord 2,Mobiles,88817,53290,OnePlus
PROD00791,Poco X3,Mobiles,104932,62959,Xiaomi
PROD00792,Similique Quasi,Toys,114807,68884,Similique
PROD00793,Quas Reprehenderit,Toys,82978,49786,Quas
PROD00794,Realme 9,Mobiles,35303,21181,Realme
PROD00795,Nostrum Perspiciatis,Toys,103116,61869,Nostrum
PROD00796,L'Oreal Quibusdam,Beauty,95055,57033,L'Oreal
PROD00797,Realme 9,Mobiles,22849,13709,Realme
PROD00798,Maybelline Architecto,Beauty,19869,11921,Maybelline
PROD00799,Modi Distinctio,Toys,32245,19347,Modi
PROD00800,Realme Narzo 30,Mobiles,14904,8942,Realme
PROD00801,Envy,Laptops,41616,24969,HP
PROD00802,Philips Rem,Home,54627,32776,Philips
PROD00803,Neque Reiciendis,Toys,27224,16334,Neque
PROD00804,Samsung Maiores,Home,102077,61246,Samsung
PROD00805,Maybelline Aspernatur,Beauty,114901,68940,Maybelline
PROD00806,Facere Neque,Toys,95842,57505,Facere
PROD00807,Galaxy S21,Mobiles,74016,44409,Samsung
PROD00808,Puma Quaerat T-Shirt,Fashion,63201,37920,Puma
PROD00809,Maybelline Qui,Beauty,41624,24974,Maybelline
PROD00810,MacBook Pro M1,Laptops,72101,43260,Apple
PROD00811,Puma Sequi T-Shirt,Fashion,101686,61011,Puma
PROD00812,Perspiciatis Nostrum,Toys,89726,53835,Perspiciatis
PROD00813,Dolores Voluptates,Toys,105836,63501,Dolores
PROD00814,Modi Architecto,Toys,35150,21090,Modi
PROD00815,Maybelline Necessitatibus,Beauty,25700,15420,Maybelline
PROD00816,Yoga,Laptops,39624,23774,Lenovo
PROD00817,Ideapad,Laptops,92892,55735,Lenovo
PROD00818,MacBook Pro M1,Laptops,63388,38032,Apple
PROD00819,Puma Provident T-Shirt,Fashion,104755,62853,Puma
PROD00820,Pariatur Voluptas,Toys,36342,21805,Pariatur
PROD00821,Nike Beatae T-Shirt,Fashion,75666,45399,Nike
PROD00822,Quia Culpa,Toys,71697,43018,Quia
PROD00823,LG Provident,Home,107766,64659,LG
PROD00824,Nike Blanditiis T-Shirt,Fashion,38570,23142,Nike
PROD00825,OnePlus 8T,Mobiles,45898,27538,OnePlus
PROD00826,Samsung Illo,Home,34112,20467,Samsung
PROD00827,Odio Temporibus,Toys,63293,37975,Odio
PROD00828,Latitude,Laptops,36037,21622,Dell
PROD00829,Maybelline Nostrum,Beauty,18492,11095,Maybelline
PROD00830,Realme Narzo 30,Mobiles,77417,46450,Realme
PROD00831,Inspiron,Laptops,88296,52977,Dell
PROD00832,L'Oreal Aliquam,Beauty,84116,50469,L'Oreal
PROD00833,Pavilion,Laptops,54672,32803,HP
PROD00834,Puma Ea T-Shirt,Fashion,62418,37450,Puma
PROD00835,Galaxy S20,Mobiles,72635,43581,Samsung
PROD00836,MacBook Pro M1,Laptops,63080,37848,Apple
PROD00837,Dolore Veniam,Toys,26643,15985,Dolore
PROD00838,Adidas Labore T-Shirt,Fashion,37909,22745,Adidas
PROD00839,Distinctio Asperiores,Toys,8254,4952,Distinctio
PROD00840,Realme 8,Mobiles,70643,42385,Realme
PROD00841,Vero Cupiditate,Toys,95280,57168,Vero
PROD00842,Galaxy Note 20,Mobiles,116137,69682,Samsung
PROD00843,Envy,Laptops,103779,62267,HP
PROD00844,Philips Explicabo,Home,98673,59203,Philips
PROD00845,Nike Molestiae T-Shirt,Fashion,1714,1028,Nike
PROD00846,Puma Voluptas T-Shirt,Fashion,79507,47704,Puma
PROD00847,OnePlus Nord 2,Mobiles,60052,36031,OnePlus
PROD00848,Asperiores Temporibus,Toys,71711,43026,Asperiores
PROD00849,Maybelline Iste,Beauty,117057,70234,Maybelline
PROD00850,MacBook Pro M1,Laptops,25772,15463,Apple
PROD00851,OnePlus 9,Mobiles,96329,57797,OnePlus
PROD00852,Samsung Assumenda,Home,34220,20532,Samsung
PROD00853,Tempora Et,Toys,24905,14943,Tempora
PROD00854,OnePlus Nord 2,Mobiles,74920,44952,OnePlus
PROD00855,Doloremque Itaque,Toys,99758,59854,Doloremque
PROD00856,Latitude,Laptops,112716,67629,Dell
PROD00857,Nihil Tempore,Toys,118077,70846,Nihil
PROD00858,LG Sint,Home,68038,40822,LG
PROD00859,Nike Laborum T-Shirt,Fashion,53038,31822,Nike
PROD00860,Quod Autem,Toys,13002,7801,Quod
PROD00861,XPS,Laptops,42915,25749,Dell
PROD00862,Envy,Laptops,50775,30465,HP
PROD00863,MacBook Pro M1,Laptops,43704,26222,Apple
PROD00864,Puma Delectus T-Shirt,Fashion,95249,57149,Puma
PROD00865,L'Oreal Quae,Beauty,34782,20869,L'Oreal
PROD00866,Porro Repellat,Toys,47627,28576,Porro
PROD00867,Nostrum Nobis,Toys,31472,18883,Nostrum
PROD00868,iPhone 13 Pro,Mobiles,40713,24427,Apple
PROD00869,MacBook Pro M1,Laptops,90977,54586,Apple
PROD00870,OnePlus Nord 2,Mobiles,81060,48636,OnePlus
PROD00871,Inspiron,Laptops,63176,37905,Dell
PROD00872,MacBook Pro M1,Laptops,55005,33003,Apple
PROD00873,Cupiditate Explicabo,Toys,72489,43493,Cupiditate
PROD00874,Samsung Ipsam,Home,105619,63371,Samsung
PROD00875,Necessitatibus Dicta,Toys,108713,65227,Necessitatibus
PROD00876,Latitude,Laptops,99425,59655,Dell
PROD00877,L'Oreal Molestiae,Beauty,69379,41627,L'Oreal
PROD00878,Samsung Itaque,Home,92744,55646,Samsung
PROD00879,Nike Eligendi T-Shirt,Fashion,74446,44667,Nike
PROD00880,iPhone 14,Mobiles,118843,71305,Apple
PROD00881,L'Oreal Fugiat,Beauty,75565,45339,L'Oreal
PROD00882,L'Oreal Culpa,Beauty,22066,13239,L'Oreal
PROD00883,Puma Eligendi T-Shirt,Fashion,58412,35047,Puma
PROD00884,Galaxy Note 20,Mobiles,12419,7451,Samsung
PROD00885,Maybelline Reiciendis,Beauty,106496,63897,Maybelline
PROD00886,Redmi Note 11,Mobiles,67772,40663,Xiaomi
PROD00887,LG Dolorem,Home,74412,44647,LG
PROD00888,Realme 9,Mobiles,88681,53208,Realme
PROD00889,Puma Nesciunt T-Shirt,Fashion,3353,2011,Puma
PROD00890,LG Dolores,Home,107514,64508,LG
PROD00891,Galaxy S20,Mobiles,6436,3861,Samsung
PROD00892,LG Rem,Home,92300,55380,LG
PROD00893,Realme 8,Mobiles,117707,70624,Realme
PROD00894,Redmi Note 10,Mobiles,38129,22877,Xiaomi
PROD00895,Philips Sequi,Home,101290,60774,Philips
PROD00896,MacBook Pro M1,Laptops,117328,70396,Apple
PROD00897,LG Corrupti,Home,114482,68689,LG
PROD00898,LG Tempora,Home,11018,6610,LG
PROD00899,Ducimus Pariatur,Toys,87242,52345,Ducimus
PROD00900,L'Oreal Iste,Beauty,86160,51696,L'Oreal
PROD00901,Nike Magni T-Shirt,Fashion,23892,14335,Nike
PROD00902,Maybelline Esse,Beauty,69816,41889,Maybelline
PROD00903,Inspiron,Laptops,99613,59767,Dell
PROD00904,OnePlus Nord CE,Mobiles,88776,53265,OnePlus
PROD00905,Perferendis Beatae,Toys,71861,43116,Perferendis
PROD00906,Samsung Sed,Home,50212,30127,Samsung
PROD00907,XPS,Laptops,45871,27522,Dell
PROD00908,ThinkPad,Laptops,115215,69129,Lenovo
PROD00909,In Corporis,Toys,100834,60500,In
PROD00910,iPhone 13 Pro,Mobiles,81099,48659,Apple
PROD00911,Galaxy S21,Mobiles,9319,5591,Samsung
PROD00912,Realme 8,Mobiles,59015,35409,Realme
PROD00913,L'Oreal Eum,Beauty,32577,19546,L'Oreal
PROD00914,Quisquam Dicta,Toys,6298,3778,Quisquam
PROD00915,LG Sequi,Home,31215,18729,LG
PROD00916,L'Oreal Quia,Beauty,99378,59626,L'Oreal
PROD00917,Galaxy M31,Mobiles,31192,18715,Samsung
PROD00918,Dolorem Mollitia,Toys,76011,45606,Dolorem
PROD00919,Puma Iure T-Shirt,Fashion,78870,47322,Puma
PROD00920,Sit Beatae,Toys,107767,64660,Sit
PROD00921,Nike Optio T-Shirt,Fashion,40052,24031,Nike
PROD00922,XPS,Laptops,39887,23932,Dell
PROD00923,Nike Repellat T-Shirt,Fashion,73470,44082,Nike
PROD00924,L'Oreal Nesciunt,Beauty,82550,49530,L'Oreal
PROD00925,Earum Omnis,Toys,56494,33896,Earum
PROD00926,Maybelline Temporibus,Beauty,6645,3987,Maybelline
PROD00927,Puma Quidem T-Shirt,Fashion,88494,53096,Puma
PROD00928,Samsung Suscipit,Home,42277,25366,Samsung
PROD00929,Dolor Deserunt,Toys,55068,33040,Dolor
PROD00930,Philips Corrupti,Home,39806,23883,Philips
PROD00931,Philips Quod,Home,99382,59629,Philips
PROD00932,Maybelline Iure,Beauty,32084,19250,Maybelline
PROD00933,Yoga,Laptops,19420,11652,Lenovo
PROD00934,Philips Veniam,Home,74213,44527,Philips
PROD00935,LG Iure,Home,73544,44126,LG
PROD00936,L'Oreal Impedit,Beauty,51410,30846,L'Oreal
PROD00937,ThinkPad,Laptops,43788,26272,Lenovo
PROD00938,Iste Ipsam,Toys,10863,6517,Iste
PROD00939,LG Reprehenderit,Home,12619,7571,LG
PROD00940,L'Oreal Quam,Beauty,7255,4353,L'Oreal
PROD00941,Adidas Voluptatum T-Shirt,Fashion,88799,53279,Adidas
PROD00942,L'Oreal Maiores,Beauty,115007,69004,L'Oreal
PROD00943,Galaxy S21,Mobiles,63335,38001,Samsung
PROD00944,Ideapad,Laptops,119643,71785,Lenovo
PROD00945,Galaxy S21,Mobiles,97686,58611,Samsung
PROD00946,Redmi Note 11,Mobiles,91677,55006,Xiaomi
PROD00947,L'Oreal Labore,Beauty,52487,31492,L'Oreal
PROD00948,Ideapad,Laptops,50394,30236,Lenovo
PROD00949,Samsung Doloremque,Home,85529,51317,Samsung
PROD00950,Adidas Tempora T-Shirt,Fashion,34783,20869,Adidas
PROD00951,Puma Quos T-Shirt,Fashion,116211,69726,Puma
PROD00952,LG Ipsum,Home,13424,8054,LG
PROD00953,Incidunt Officiis,Toys,62037,37222,Incidunt
PROD00954,Nike Sunt T-Shirt,Fashion,49089,29453,Nike
PROD00955,Adidas Nisi T-Shirt,Fashion,6492,3895,Adidas
PROD00956,L'Oreal Nemo,Beauty,97657,58594,L'Oreal
PROD00957,Envy,Laptops,73023,43813,HP
PROD00958,Maybelline Eveniet,Beauty,39191,23514,Maybelline
PROD00959,XPS,Laptops,30649,18389,Dell
PROD00960,Samsung Amet,Home,109730,65838,Samsung
PROD00961,MacBook Pro M1,Laptops,34228,20536,Apple
PROD00962,Samsung Illo,Home,84608,50764,Samsung
PROD00963,Odio Nam,Toys,64803,38881,Odio
PROD00964,Philips Iure,Home,96545,57927,Philips
PROD00965,Nike Tempora T-Shirt,Fashion,18844,11306,Nike
PROD00966,Porro Fuga,Toys,72136,43281,Porro
PROD00967,Philips Nostrum,Home,117070,70242,Philips
PROD00968,L'Oreal Ducimus,Beauty,69174,41504,L'Oreal
PROD00969,iPhone 12,Mobiles,100683,60409,Apple
PROD00970,Redmi Note 11,Mobiles,110934,66560,Xiaomi
PROD00971,Qui Maiores,Toys,30834,18500,Qui
PROD00972,Galaxy S20,Mobiles,29168,17500,Samsung
PROD00973,Maybelline Reprehenderit,Beauty,49416,29649,Maybelline
PROD00974,Realme Narzo 30,Mobiles,87892,52735,Realme
PROD00975,Maybelline Laudantium,Beauty,86913,52147,Maybelline
PROD00976,Philips Quisquam,Home,1366,819,Philips
PROD00977,Maybelline Nisi,Beauty,2053,1231,Maybelline
PROD00978,Realme Narzo 30,Mobiles,36510,21906,Realme
PROD00979,Maybelline Laboriosam,Beauty,2746,1647,Maybelline
PROD00980,Maybelline Mollitia,Beauty,106166,63699,Maybelline
PROD00981,Pavilion,Laptops,69232,41539,HP
PROD00982,Inspiron,Laptops,81735,49041,Dell
PROD00983,Maybelline Ratione,Beauty,107351,64410,Maybelline
PROD00984,Adidas Distinctio T-Shirt,Fashion,104693,62815,Adidas
PROD00985,Philips Dicta,Home,49396,29637,Philips
PROD00986,LG Eius,Home,74555,44733,LG
PROD00987,XPS,Laptops,90158,54094,Dell
PROD00988,iPhone 12,Mobiles,53620,32172,Apple
PROD00989,LG Atque,Home,72943,43765,LG
PROD00990,Philips Ex,Home,83959,50375,Philips
PROD00991,Galaxy S20,Mobiles,66017,39610,Samsung
PROD00992,Samsung Fugiat,Home,103309,61985,Samsung
PROD00993,Puma Delectus T-Shirt,Fashion,112954,67772,Puma
PROD00994,Realme 8,Mobiles,30615,18369,Realme
PROD00995,MacBook Pro M1,Laptops,6602,3961,Apple
PROD00996,OnePlus 8T,Mobiles,24008,14404,OnePlus
PROD00997,Nike Voluptas T-Shirt,Fashion,27652,16591,Nike
PROD00998,L'Oreal Neque,Beauty,99099,59459,L'Oreal
PROD00999,Debitis A,Toys,108097,64858,Debitis
PROD01000,Philips Nisi,Home,39726,23835,Philips
