product_id,name,category,price,cost,brand
PROD00001,BrandD Quod,Home,42923,25753,BrandB
PROD00002,BrandE Fugiat,Home,37308,22384,BrandC
PROD00003,BrandC Tenetur,Home,54161,32496,BrandA
PROD00004,BrandE Recusandae,Home,30759,18455,BrandD
PROD00005,BrandE Exercitationem,Beauty,31990,19194,BrandA
PROD00006,BrandB Nisi,Beauty,79234,47540,BrandE
PROD00007,BrandC Minus,Laptops,47155,28293,BrandD
PROD00008,BrandC Quo,Mobiles,19608,11764,BrandC
PROD00009,BrandC Enim,Home,42387,25432,BrandE
PROD00010,BrandE Perspiciatis,Laptops,79016,47409,BrandD
PROD00011,BrandD Distinctio,Mobiles,27084,16250,BrandC
PROD00012,BrandC Quisquam,Toys,8225,4935,BrandA
PROD00013,BrandE Fugiat,Fashion,36159,21695,BrandD
PROD00014,BrandB Harum,Beauty,69669,41801,BrandC
PROD00015,BrandD Earum,Toys,17187,10312,BrandA
PROD00016,BrandB Ipsum,Mobiles,5804,3482,BrandE
PROD00017,BrandD Autem,Toys,60676,36405,BrandE
PROD00018,BrandE Harum,Fashion,73484,44090,BrandE
PROD00019,BrandA Maxime,Mobiles,87228,52336,BrandE
PROD00020,BrandD Dolorem,Toys,72560,43536,BrandB
PROD00021,BrandB Amet,Beauty,27308,16384,BrandD
PROD00022,BrandE Amet,Beauty,85250,51150,BrandD
PROD00023,BrandD Rerum,Laptops,66124,39674,BrandB
PROD00024,BrandA Inventore,Toys,39982,23989,BrandC
PROD00025,BrandA Modi,Home,26023,15613,BrandC
PROD00026,BrandC Et,Toys,29265,17559,BrandE
PROD00027,BrandC Quisquam,Mobiles,67303,40381,BrandA
PROD00028,BrandB Iusto,Mobiles,91849,55109,BrandC
PROD00029,BrandD Ea,Toys,4214,2528,BrandA
PROD00030,BrandD Voluptatibus,Fashion,65065,39039,BrandD
PROD00031,BrandC Debitis,Beauty,36421,21852,BrandA
PROD00032,BrandD Nemo,Mobiles,73397,44038,BrandD
PROD00033,BrandD Et,Beauty,96752,58051,BrandB
PROD00034,BrandA Excepturi,Mobiles,99404,59642,BrandB
PROD00035,BrandC Esse,Laptops,25526,15315,BrandE
PROD00036,BrandE Aut,Home,17872,10723,BrandC
PROD00037,BrandC Laborum,Mobiles,3812,2287,BrandE
PROD00038,BrandE At,Beauty,1467,880,BrandD
PROD00039,BrandA Eligendi,Laptops,91836,55101,BrandE
PROD00040,BrandB Quisquam,Mobiles,52024,31214,BrandA
PROD00041,BrandD Sit,Fashion,3826,2295,BrandD
PROD00042,BrandA Illum,Home,89252,53551,BrandB
PROD00043,BrandD Soluta,Mobiles,27823,16693,BrandC
PROD00044,BrandB At,Laptops,9208,5524,BrandD
PROD00045,BrandB Eos,Fashion,77814,46688,BrandD
PROD00046,BrandA Magni,Toys,35743,21445,BrandA
PROD00047,BrandB Soluta,Laptops,31424,18854,BrandC
PROD00048,BrandE Animi,Laptops,83460,50076,BrandB
PROD00049,BrandB Esse,Fashion,9027,5416,BrandD
PROD00050,BrandD Quo,Laptops,93780,56268,BrandD
PROD00051,BrandD Blanditiis,Fashion,96646,57987,BrandA
PROD00052,BrandD Numquam,Mobiles,22543,13525,BrandE
PROD00053,BrandD Quis,Fashion,80073,48043,BrandB
PROD00054,BrandE Ipsam,Fashion,63549,38129,BrandC
PROD00055,BrandC Magni,Home,76843,46105,BrandD
PROD00056,BrandA Saepe,Fashion,60333,36199,BrandD
PROD00057,BrandD Praesentium,Fashion,25637,15382,BrandB
PROD00058,BrandB Ipsum,Toys,77676,46605,BrandE
PROD00059,BrandD Recusandae,Mobiles,22712,13627,BrandD
PROD00060,BrandB Iusto,Home,94077,56446,BrandB
PROD00061,BrandB Molestiae,Toys,6571,3942,BrandA
PROD00062,BrandD Nobis,Beauty,35731,21438,BrandE
PROD00063,BrandE Voluptatem,Mobiles,92159,55295,BrandC
PROD00064,BrandB Adipisci,Mobiles,31448,18868,BrandD
PROD00065,BrandB Libero,Beauty,64832,38899,BrandB
PROD00066,BrandD Hic,Fashion,1277,766,BrandA
PROD00067,BrandB Possimus,Toys,4860,2916,BrandC
PROD00068,BrandB Aliquam,Laptops,32879,19727,BrandB
PROD00069,BrandD Debitis,Home,21736,13041,BrandB
PROD00070,BrandD Nam,Laptops,81989,49193,BrandC
PROD00071,BrandA Laudantium,Beauty,53651,32190,BrandA
PROD00072,BrandE Qui,Mobiles,11656,6993,BrandA
PROD00073,BrandE Natus,Mobiles,27698,16618,BrandE
PROD00074,BrandB Quia,Home,11663,6997,BrandD
PROD00075,BrandE Similique,Mobiles,46919,28151,BrandC
PROD00076,BrandB Quod,Mobiles,73870,44322,BrandC
PROD00077,BrandA Voluptate,Home,91155,54693,BrandC
PROD00078,BrandD Illum,Toys,27066,16239,BrandA
PROD00079,BrandD Vitae,Toys,81809,49085,BrandD
PROD00080,BrandD Necessitatibus,Home,59989,35993,BrandE
PROD00081,BrandE Quae,Beauty,27087,16252,BrandB
PROD00082,BrandA Neque,Mobiles,78814,47288,BrandB
PROD00083,BrandE Quas,Mobiles,58448,35068,BrandC
PROD00084,BrandE Illo,Beauty,24696,14817,BrandD
PROD00085,BrandA Ut,Toys,33274,19964,BrandA
PROD00086,BrandA Ratione,Fashion,64206,38523,BrandD
PROD00087,BrandA Dolores,Fashion,70067,42040,BrandD
PROD00088,BrandA Aperiam,Fashion,59282,35569,BrandA
PROD00089,BrandD Dolore,Toys,93400,56040,BrandC
PROD00090,BrandC Eaque,Toys,87263,52357,BrandD
PROD00091,BrandC Veritatis,Beauty,39410,23646,BrandB
PROD00092,BrandA Eum,Mobiles,56188,33712,BrandA
PROD00093,BrandC Voluptates,Beauty,9006,5403,BrandE
PROD00094,BrandC Vitae,Beauty,37014,22208,BrandC
PROD00095,BrandA Alias,Toys,45479,27287,BrandA
PROD00096,BrandC Eaque,Fashion,78712,47227,BrandE
PROD00097,BrandE Est,Laptops,37750,22650,BrandE
PROD00098,BrandB Voluptates,Mobiles,46981,28188,BrandD
PROD00099,BrandB Iusto,Toys,46513,27907,BrandD
PROD00100,BrandA Aperiam,Fashion,6112,3667,BrandD
PROD00101,BrandD Expedita,Laptops,50215,30129,BrandA
PROD00102,BrandA Tempora,Laptops,7251,4350,BrandA
PROD00103,BrandD Aliquid,Toys,57816,34689,BrandC
PROD00104,BrandB Excepturi,Home,93847,56308,BrandD
PROD00105,BrandA Neque,Mobiles,92753,55651,BrandE
PROD00106,BrandE Ducimus,Laptops,36478,21886,BrandB
PROD00107,BrandC Nemo,Toys,42752,25651,BrandC
PROD00108,BrandD Quod,Toys,72530,43518,BrandA
PROD00109,BrandC Quo,Fashion,13567,8140,BrandC
PROD00110,BrandC Pariatur,Home,31110,18666,BrandC
PROD00111,BrandA Quaerat,Mobiles,54791,32874,BrandC
PROD00112,BrandC Doloribus,Beauty,64257,38554,BrandC
PROD00113,BrandE Tenetur,Fashion,12389,7433,BrandB
PROD00114,BrandC Ipsam,Laptops,45076,27045,BrandD
PROD00115,BrandA At,Laptops,43696,26217,BrandE
PROD00116,BrandE Perspiciatis,Fashion,23271,13962,BrandC
PROD00117,BrandB Ipsum,Toys,86465,51879,BrandC
PROD00118,BrandC Quas,Laptops,99690,59814,BrandC
PROD00119,BrandA Veritatis,Home,44239,26543,BrandD
PROD00120,BrandB Aut,Mobiles,48813,29287,BrandA
PROD00121,BrandB Illum,Home,29834,17900,BrandA
PROD00122,BrandD Magni,Laptops,72688,43612,BrandB
PROD00123,BrandE Quisquam,Beauty,63746,38247,BrandA
PROD00124,BrandC Possimus,Mobiles,3754,2252,BrandC
PROD00125,BrandA Iusto,Mobiles,89122,53473,BrandC
PROD00126,BrandD Fuga,Fashion,18843,11305,BrandC
PROD00127,BrandE Illo,Fashion,48468,29080,BrandB
PROD00128,BrandD Blanditiis,Beauty,90125,54075,BrandC
PROD00129,BrandE Recusandae,Toys,74272,44563,BrandA
PROD00130,BrandE Rerum,Mobiles,6541,3924,BrandD
PROD00131,BrandC Autem,Beauty,24711,14826,BrandD
PROD00132,BrandE Non,Fashion,12249,7349,BrandE
PROD00133,BrandD Similique,Fashion,59289,35573,BrandA
PROD00134,BrandE Aliquid,Mobiles,21775,13065,BrandC
PROD00135,BrandC Similique,Home,71131,42678,BrandD
PROD00136,BrandC Hic,Laptops,42768,25660,BrandA
PROD00137,BrandD Explicabo,Fashion,13773,8263,BrandD
PROD00138,BrandB Esse,Toys,76766,46059,BrandC
PROD00139,BrandB Fugiat,Toys,88304,52982,BrandD
PROD00140,BrandE Inventore,Fashion,80858,48514,BrandE
PROD00141,BrandA Alias,Home,65529,39317,BrandE
PROD00142,BrandE Provident,Home,23769,14261,BrandD
PROD00143,BrandD Ratione,Beauty,34168,20500,BrandA
PROD00144,BrandD Minima,Toys,88889,53333,BrandA
PROD00145,BrandD Animi,Beauty,9535,5721,BrandA
PROD00146,BrandD Atque,Toys,94188,56512,BrandD
PROD00147,BrandD Veritatis,Laptops,52349,31409,BrandA
PROD00148,BrandC Aspernatur,Laptops,37484,22490,BrandC
PROD00149,BrandB Earum,Mobiles,82029,49217,BrandE
PROD00150,BrandD Itaque,Beauty,76253,45751,BrandC
PROD00151,BrandA Id,Fashion,75488,45292,BrandA
PROD00152,BrandA Eum,Beauty,31501,18900,BrandC
PROD00153,BrandA Dolor,Fashion,71931,43158,BrandA
PROD00154,BrandA Expedita,Home,34184,20510,BrandD
PROD00155,BrandC Ipsam,Beauty,55926,33555,BrandC
PROD00156,BrandA Eum,Home,36551,21930,BrandD
PROD00157,BrandD Eligendi,Laptops,7327,4396,BrandD
PROD00158,BrandE Sed,Laptops,32010,19206,BrandB
PROD00159,BrandA Nesciunt,Mobiles,36141,21684,BrandA
PROD00160,BrandC Sunt,Beauty,89020,53412,BrandE
PROD00161,BrandC Quia,Home,65781,39468,BrandA
PROD00162,BrandA Corporis,Fashion,81671,49002,BrandE
PROD00163,BrandE Corporis,Laptops,65581,39348,BrandA
PROD00164,BrandA Eaque,Laptops,68676,41205,BrandD
PROD00165,BrandC Eligendi,Fashion,64274,38564,BrandC
PROD00166,BrandB Accusamus,Home,26260,15756,BrandC
PROD00167,BrandD Numquam,Home,17733,10639,BrandB
PROD00168,BrandC Ratione,Beauty,94980,56988,BrandE
PROD00169,BrandA Porro,Beauty,17114,10268,BrandE
PROD00170,BrandD Odit,Toys,80632,48379,BrandE
PROD00171,BrandA Dicta,Toys,49204,29522,BrandD
PROD00172,BrandA Sequi,Mobiles,41721,25032,BrandE
PROD00173,BrandB Laboriosam,Laptops,77331,46398,BrandC
PROD00174,BrandD Aut,Beauty,68488,41092,BrandD
PROD00175,BrandD Autem,Home,16114,9668,BrandA
PROD00176,BrandB Voluptates,Fashion,92678,55606,BrandE
PROD00177,BrandC Error,Home,33855,20313,BrandE
PROD00178,BrandA Eius,Laptops,40490,24294,BrandA
PROD00179,BrandE Odit,Toys,23811,14286,BrandE
PROD00180,BrandA Iure,Home,91758,55054,BrandA
PROD00181,BrandA Unde,Mobiles,58093,34855,BrandD
PROD00182,BrandC Eius,Laptops,74796,44877,BrandC
PROD00183,BrandA Nesciunt,Toys,27313,16387,BrandA
PROD00184,BrandB In,Fashion,57884,34730,BrandB
PROD00185,BrandB Deserunt,Toys,7521,4512,BrandA
PROD00186,BrandD Tenetur,Mobiles,87036,52221,BrandE
PROD00187,BrandE Minus,Laptops,99173,59503,BrandD
PROD00188,BrandA Consequatur,Fashion,17827,10696,BrandD
PROD00189,BrandA Facere,Mobiles,4458,2674,BrandA
PROD00190,BrandC Beatae,Toys,65208,39124,BrandC
PROD00191,BrandB Amet,Mobiles,94118,56470,BrandB
PROD00192,BrandE Ullam,Laptops,32217,19330,BrandD
PROD00193,BrandD Maxime,Beauty,88800,53280,BrandE
PROD00194,BrandB Optio,Mobiles,32010,19206,BrandE
PROD00195,BrandD Unde,Mobiles,98132,58879,BrandC
PROD00196,BrandC Consequuntur,Toys,55854,33512,BrandD
PROD00197,BrandC Nostrum,Toys,62538,37522,BrandA
PROD00198,BrandA Perspiciatis,Fashion,29471,17682,BrandE
PROD00199,BrandE Repudiandae,Toys,51601,30960,BrandC
PROD00200,BrandD Architecto,Home,61046,36627,BrandD
PROD00201,BrandB Sapiente,Laptops,38567,23140,BrandD
PROD00202,BrandC Totam,Laptops,17725,10635,BrandD
PROD00203,BrandA Perspiciatis,Beauty,33993,20395,BrandD
PROD00204,BrandA Commodi,Beauty,76429,45857,BrandD
PROD00205,BrandD Quasi,Laptops,31107,18664,BrandE
PROD00206,BrandC Sapiente,Beauty,91402,54841,BrandC
PROD00207,BrandE Ipsa,Fashion,39632,23779,BrandD
PROD00208,BrandC Dolores,Toys,54353,32611,BrandB
PROD00209,BrandD Similique,Laptops,12423,7453,BrandB
PROD00210,BrandD Iure,Beauty,73479,44087,BrandC
PROD00211,BrandC Doloribus,Laptops,14310,8586,BrandA
PROD00212,BrandD Ad,Home,16556,9933,BrandA
PROD00213,BrandC Facere,Mobiles,31467,18880,BrandA
PROD00214,BrandB Dolor,Toys,54724,32834,BrandB
PROD00215,BrandC Repellendus,Laptops,10206,6123,BrandA
PROD00216,BrandC Soluta,Mobiles,68108,40864,BrandE
PROD00217,BrandD Rerum,Beauty,72340,43404,BrandD
PROD00218,BrandD Ipsam,Mobiles,64415,38649,BrandB
PROD00219,BrandA Enim,Toys,69349,41609,BrandC
PROD00220,BrandA Temporibus,Laptops,70687,42412,BrandC
PROD00221,BrandB Magni,Home,10856,6513,BrandD
PROD00222,BrandA Est,Beauty,68111,40866,BrandB
PROD00223,BrandC Tempore,Laptops,36478,21886,BrandA
PROD00224,BrandD Aliquam,Toys,4355,2613,BrandA
PROD00225,BrandA Deleniti,Beauty,14584,8750,BrandE
PROD00226,BrandA Quas,Fashion,56649,33989,BrandE
PROD00227,BrandB Voluptate,Mobiles,34603,20761,BrandA
PROD00228,BrandB Sed,Toys,73894,44336,BrandC
PROD00229,BrandC Ad,Fashion,45213,27127,BrandC
PROD00230,BrandD Sed,Laptops,74169,44501,BrandE
PROD00231,BrandB Est,Home,98217,58930,BrandD
PROD00232,BrandA Cumque,Beauty,5349,3209,BrandA
PROD00233,BrandD Nam,Mobiles,19301,11580,BrandE
PROD00234,BrandD Id,Beauty,58676,35205,BrandE
PROD00235,BrandA Cum,Laptops,9786,5871,BrandA
PROD00236,BrandB Quaerat,Beauty,53463,32077,BrandA
PROD00237,BrandA Animi,Mobiles,97643,58585,BrandC
PROD00238,BrandD Laboriosam,Laptops,761,456,BrandD
PROD00239,BrandE Cupiditate,Beauty,44943,26965,BrandD
PROD00240,BrandE Placeat,Home,95773,57463,BrandA
PROD00241,BrandC Quaerat,Toys,61063,36637,BrandB
PROD00242,BrandA Deserunt,Laptops,42928,25756,BrandE
PROD00243,BrandA Adipisci,Toys,48704,29222,BrandE
PROD00244,BrandC Quod,Laptops,10626,6375,BrandA
PROD00245,BrandC Dolores,Home,69010,41406,BrandB
PROD00246,BrandC Ratione,Toys,25692,15415,BrandC
PROD00247,BrandD Itaque,Fashion,29082,17449,BrandA
PROD00248,BrandA Ex,Mobiles,307,184,BrandA
PROD00249,BrandD Nesciunt,Fashion,88833,53299,BrandE
PROD00250,BrandC Distinctio,Beauty,99036,59421,BrandA
PROD00251,BrandA Eum,Home,68719,41231,BrandA
PROD00252,BrandD Provident,Fashion,29428,17656,BrandA
PROD00253,BrandD Id,Laptops,46579,27947,BrandE
PROD00254,BrandC Blanditiis,Beauty,20203,12121,BrandC
PROD00255,BrandA Accusamus,Beauty,39991,23994,BrandC
PROD00256,BrandC Excepturi,Fashion,10854,6512,BrandA
PROD00257,BrandA Quibusdam,Fashion,81537,48922,BrandE
PROD00258,BrandE Error,Home,98640,59184,BrandC
PROD00259,BrandB Consequatur,Mobiles,73082,43849,BrandC
PROD00260,BrandB Dicta,Fashion,56022,33613,BrandC
PROD00261,BrandB Sed,Fashion,48331,28998,BrandE
PROD00262,BrandC Placeat,Toys,29401,17640,BrandE
PROD00263,BrandE Soluta,Laptops,91752,55051,BrandA
PROD00264,BrandA Incidunt,Toys,62811,37686,BrandD
PROD00265,BrandD Officiis,Toys,41423,24853,BrandC
PROD00266,BrandA Beatae,Beauty,18852,11311,BrandD
PROD00267,BrandD Fugiat,Mobiles,98012,58807,BrandE
PROD00268,BrandA Rerum,Laptops,82305,49383,BrandE
PROD00269,BrandE Repellendus,Home,98552,59131,BrandE
PROD00270,BrandD Nisi,Home,13495,8097,BrandD
PROD00271,BrandC Aliquid,Fashion,86057,51634,BrandE
PROD00272,BrandA Inventore,Fashion,56373,33823,BrandA
PROD00273,BrandA Cupiditate,Home,91978,55186,BrandE
PROD00274,BrandD Eligendi,Fashion,4995,2997,BrandB
PROD00275,BrandC Delectus,Mobiles,76659,45995,BrandD
PROD00276,BrandC Animi,Toys,10799,6479,BrandB
PROD00277,BrandE Optio,Fashion,65161,39096,BrandE
PROD00278,BrandC Architecto,Beauty,9815,5889,BrandA
PROD00279,BrandC Cumque,Fashion,19269,11561,BrandC
PROD00280,BrandC Consequatur,Laptops,16263,9757,BrandE
PROD00281,BrandB Provident,Mobiles,5882,3529,BrandA
PROD00282,BrandE Architecto,Laptops,88277,52966,BrandD
PROD00283,BrandA Consequuntur,Laptops,84428,50656,BrandB
PROD00284,BrandD Corporis,Beauty,35685,21411,BrandB
PROD00285,BrandA Magni,Mobiles,30782,18469,BrandB
PROD00286,BrandE Possimus,Mobiles,47964,28778,BrandD
PROD00287,BrandD Ea,Mobiles,84516,50709,BrandA
PROD00288,BrandE Nihil,Mobiles,55214,33128,BrandD
PROD00289,BrandC Quasi,Mobiles,38167,22900,BrandB
PROD00290,BrandD Doloribus,Beauty,42785,25671,BrandE
PROD00291,BrandC Maxime,Fashion,18173,10903,BrandC
PROD00292,BrandA Nobis,Laptops,36135,21681,BrandD
PROD00293,BrandA Excepturi,Mobiles,65077,39046,BrandD
PROD00294,BrandD Debitis,Fashion,90473,54283,BrandA
PROD00295,BrandD Amet,Fashion,83462,50077,BrandA
PROD00296,BrandE Reprehenderit,Laptops,90617,54370,BrandD
PROD00297,BrandE Dolorem,Beauty,65550,39330,BrandB
PROD00298,BrandC Iure,Home,10482,6289,BrandC
PROD00299,BrandD Quibusdam,Home,4537,2722,BrandA
PROD00300,BrandA Et,Fashion,71071,42642,BrandB
PROD00301,BrandE Explicabo,Toys,64712,38827,BrandE
PROD00302,BrandE Corporis,Toys,90455,54273,BrandA
PROD00303,BrandA Velit,Laptops,62029,37217,BrandB
PROD00304,BrandE Tempore,Home,97618,58570,BrandB
PROD00305,BrandC Repudiandae,Fashion,98964,59378,BrandC
PROD00306,BrandD Ipsum,Beauty,12429,7457,BrandC
PROD00307,BrandA Dolores,Home,25269,15161,BrandE
PROD00308,BrandD Aliquam,Fashion,87568,52540,BrandB
PROD00309,BrandE Cumque,Fashion,34694,20816,BrandB
PROD00310,BrandE Assumenda,Mobiles,77057,46234,BrandC
PROD00311,BrandA Totam,Beauty,60731,36438,BrandA
PROD00312,BrandC Eligendi,Mobiles,45133,27079,BrandA
PROD00313,BrandB Veritatis,Laptops,63233,37939,BrandD
PROD00314,BrandA Consequatur,Mobiles,73265,43959,BrandC
PROD00315,BrandB Nobis,Mobiles,73961,44376,BrandD
PROD00316,BrandB Aspernatur,Home,52390,31434,BrandC
PROD00317,BrandC Ab,Toys,94131,56478,BrandE
PROD00318,BrandB Repellendus,Fashion,31850,19110,BrandB
PROD00319,BrandB Nisi,Beauty,95255,57153,BrandE
PROD00320,BrandC Eum,Mobiles,40561,24336,BrandC
PROD00321,BrandB Dignissimos,Beauty,73900,44340,BrandB
PROD00322,BrandB Non,Toys,78322,46993,BrandA
PROD00323,BrandB Delectus,Toys,24326,14595,BrandA
PROD00324,BrandA Eius,Mobiles,6821,4092,BrandD
PROD00325,BrandA Dolorum,Laptops,56254,33752,BrandC
PROD00326,BrandA Necessitatibus,Mobiles,20709,12425,BrandC
PROD00327,BrandC Iure,Home,52230,31338,BrandA
PROD00328,BrandE Labore,Fashion,73009,43805,BrandE
PROD00329,BrandB Est,Laptops,55349,33209,BrandB
PROD00330,BrandB Facere,Mobiles,48995,29397,BrandE
PROD00331,BrandC In,Beauty,94573,56743,BrandE
PROD00332,BrandB Odit,Laptops,5756,3453,BrandA
PROD00333,BrandA Numquam,Laptops,74620,44772,BrandA
PROD00334,BrandE Cumque,Mobiles,63840,38304,BrandA
PROD00335,BrandD Id,Laptops,64409,38645,BrandD
PROD00336,BrandB Eaque,Beauty,30084,18050,BrandE
PROD00337,BrandA Eaque,Toys,73922,44353,BrandC
PROD00338,BrandD Minus,Laptops,6001,3600,BrandB
PROD00339,BrandE Voluptatibus,Toys,31652,18991,BrandD
PROD00340,BrandD Cumque,Beauty,91345,54807,BrandC
PROD00341,BrandA Labore,Mobiles,31155,18693,BrandE
PROD00342,BrandD Eaque,Fashion,37785,22671,BrandA
PROD00343,BrandC Officia,Laptops,74065,44439,BrandE
PROD00344,BrandD Exercitationem,Fashion,14816,8889,BrandB
PROD00345,BrandB Nulla,Beauty,11238,6742,BrandD
PROD00346,BrandB Deserunt,Laptops,35398,21238,BrandD
PROD00347,BrandC Aliquam,Toys,51212,30727,BrandB
PROD00348,BrandA Dolores,Home,23529,14117,BrandC
PROD00349,BrandB Provident,Fashion,50300,30180,BrandC
PROD00350,BrandE Adipisci,Laptops,71408,42844,BrandD
PROD00351,BrandB Ducimus,Fashion,48344,29006,BrandD
PROD00352,BrandB Repudiandae,Laptops,17447,10468,BrandA
PROD00353,BrandA Dolor,Mobiles,17020,10212,BrandC
PROD00354,BrandD Voluptates,Toys,31922,19153,BrandB
PROD00355,BrandB Occaecati,Fashion,46759,28055,BrandC
PROD00356,BrandC Reiciendis,Home,40208,24124,BrandA
PROD00357,BrandD Repellat,Home,89199,53519,BrandD
PROD00358,BrandE Molestiae,Beauty,8067,4840,BrandD
PROD00359,BrandA Unde,Laptops,11971,7182,BrandA
PROD00360,BrandE Quia,Fashion,94399,56639,BrandB
PROD00361,BrandD Corporis,Beauty,77552,46531,BrandD
PROD00362,BrandD Voluptatum,Fashion,74370,44622,BrandE
PROD00363,BrandD Quisquam,Laptops,33713,20227,BrandD
PROD00364,BrandE Culpa,Home,28279,16967,BrandE
PROD00365,BrandD Eligendi,Mobiles,52288,31372,BrandA
PROD00366,BrandE Eveniet,Home,55199,33119,BrandA
PROD00367,BrandD Nemo,Beauty,35362,21217,BrandD
PROD00368,BrandC Magnam,Toys,78313,46987,BrandC
PROD00369,BrandD Facilis,Mobiles,18368,11020,BrandE
PROD00370,BrandE Officia,Beauty,77966,46779,BrandB
PROD00371,BrandB Assumenda,Laptops,86369,51821,BrandD
PROD00372,BrandD Repudiandae,Mobiles,60645,36387,BrandB
PROD00373,BrandB Asperiores,Beauty,92922,55753,BrandD
PROD00374,BrandC Illum,Laptops,72246,43347,BrandC
PROD00375,BrandA Vel,Home,72066,43239,BrandC
PROD00376,BrandC Est,Toys,40022,24013,BrandC
PROD00377,BrandD Nobis,Laptops,79464,47678,BrandC
PROD00378,BrandB At,Fashion,43013,25807,BrandA
PROD00379,BrandB Nobis,Laptops,97133,58279,BrandA
PROD00380,BrandE Minima,Laptops,55777,33466,BrandE
PROD00381,BrandB Dignissimos,Toys,49941,29964,BrandB
PROD00382,BrandE A,Fashion,46432,27859,BrandD
PROD00383,BrandA Modi,Beauty,92162,55297,BrandD
PROD00384,BrandD Debitis,Beauty,95794,57476,BrandA
PROD00385,BrandE Commodi,Laptops,25132,15079,BrandD
PROD00386,BrandA Vitae,Fashion,37946,22767,BrandA
PROD00387,BrandB Laborum,Fashion,59574,35744,BrandE
PROD00388,BrandB Reiciendis,Toys,45036,27021,BrandB
PROD00389,BrandA Voluptatem,Home,29894,17936,BrandE
PROD00390,BrandB Libero,Beauty,61688,37012,BrandC
PROD00391,BrandA Quidem,Toys,71084,42650,BrandC
PROD00392,BrandE Vero,Mobiles,50431,30258,BrandC
PROD00393,BrandE Consectetur,Beauty,94497,56698,BrandE
PROD00394,BrandA Voluptas,Toys,28241,16944,BrandD
PROD00395,BrandE Fugiat,Beauty,9174,5504,BrandB
PROD00396,BrandE Laborum,Home,6506,3903,BrandC
PROD00397,BrandE Consequuntur,Mobiles,97459,58475,BrandC
PROD00398,BrandC Perferendis,Home,23391,14034,BrandC
PROD00399,BrandD Maxime,Mobiles,41668,25000,BrandB
PROD00400,BrandB Inventore,Laptops,97639,58583,BrandC
PROD00401,BrandC Amet,Toys,46951,28170,BrandB
PROD00402,BrandE Optio,Mobiles,54923,32953,BrandC
PROD00403,BrandA Hic,Home,23412,14047,BrandE
PROD00404,BrandE Fugit,Beauty,43208,25924,BrandE
PROD00405,BrandD Placeat,Mobiles,67018,40210,BrandB
PROD00406,BrandE Cupiditate,Toys,34271,20562,BrandE
PROD00407,BrandA Blanditiis,Mobiles,41879,25127,BrandB
PROD00408,BrandD Mollitia,Fashion,68928,41356,BrandE
PROD00409,BrandE Totam,Beauty,98823,59293,BrandE
PROD00410,BrandD Distinctio,Toys,12511,7506,BrandB
PROD00411,BrandB Harum,Toys,57109,34265,BrandD
PROD00412,BrandB Excepturi,Laptops,15522,9313,BrandE
PROD00413,BrandE Dignissimos,Home,42568,25540,BrandC
PROD00414,BrandD Accusantium,Laptops,32471,19482,BrandD
PROD00415,BrandA Consequuntur,Toys,57122,34273,BrandB
PROD00416,BrandE Accusamus,Beauty,71329,42797,BrandD
PROD00417,BrandB Molestiae,Mobiles,99171,59502,BrandA
PROD00418,BrandB Cupiditate,Mobiles,51296,30777,BrandA
PROD00419,BrandE Corporis,Beauty,80454,48272,BrandE
PROD00420,BrandD Architecto,Toys,96874,58124,BrandE
PROD00421,BrandB Sapiente,Mobiles,96510,57906,BrandC
PROD00422,BrandD Error,Mobiles,26815,16089,BrandD
PROD00423,BrandB Nobis,Mobiles,27705,16623,BrandA
PROD00424,BrandB Quis,Home,99953,59971,BrandE
PROD00425,BrandC Natus,Home,31274,18764,BrandD
PROD00426,BrandB Modi,Fashion,10056,6033,BrandE
PROD00427,BrandA Eaque,Laptops,76473,45883,BrandE
PROD00428,BrandE Cum,Beauty,69352,41611,BrandA
PROD00429,BrandE Nesciunt,Beauty,62049,37229,BrandA
PROD00430,BrandD Accusantium,Beauty,62746,37647,BrandE
PROD00431,BrandB Dolorum,Fashion,70117,42070,BrandB
PROD00432,BrandA Quod,Home,63137,37882,BrandE
PROD00433,BrandD Magnam,Toys,89918,53950,BrandE
PROD00434,BrandC Necessitatibus,Toys,6648,3988,BrandC
PROD00435,BrandD Velit,Fashion,73394,44036,BrandC
PROD00436,BrandD Ab,Toys,23277,13966,BrandC
PROD00437,BrandB Id,Beauty,24122,14473,BrandB
PROD00438,BrandC In,Laptops,5642,3385,BrandB
PROD00439,BrandD Itaque,Mobiles,91112,54667,BrandE
PROD00440,BrandA Rem,Home,96420,57852,BrandC
PROD00441,BrandA Tempora,Home,60528,36316,BrandB
PROD00442,BrandE Enim,Fashion,22840,13704,BrandA
PROD00443,BrandC In,Home,59453,35671,BrandE
PROD00444,BrandC Iste,Beauty,90453,54271,BrandD
PROD00445,BrandE Molestiae,Toys,56632,33979,BrandE
PROD00446,BrandD Aut,Beauty,16152,9691,BrandD
PROD00447,BrandC Nulla,Fashion,47176,28305,BrandC
PROD00448,BrandA Hic,Beauty,53520,32112,BrandD
PROD00449,BrandA Dignissimos,Toys,771,462,BrandC
PROD00450,BrandB Aspernatur,Laptops,263,157,BrandA
PROD00451,BrandC Officia,Fashion,41524,24914,BrandD
PROD00452,BrandD Alias,Laptops,53844,32306,BrandE
PROD00453,BrandE Delectus,Mobiles,70431,42258,BrandC
PROD00454,BrandE Assumenda,Laptops,10734,6440,BrandE
PROD00455,BrandD Nobis,Mobiles,4898,2938,BrandB
PROD00456,BrandB Corporis,Mobiles,22520,13512,BrandC
PROD00457,BrandE Totam,Laptops,29400,17640,BrandD
PROD00458,BrandC A,Fashion,89981,53988,BrandC
PROD00459,BrandB Quo,Toys,10849,6509,BrandE
PROD00460,BrandC Facere,Beauty,25221,15132,BrandA
PROD00461,BrandA Ipsum,Beauty,37587,22552,BrandC
PROD00462,BrandB Cum,Toys,94047,56428,BrandD
PROD00463,BrandE Corrupti,Mobiles,33461,20076,BrandB
PROD00464,BrandB Delectus,Mobiles,21323,12793,BrandA
PROD00465,BrandB Praesentium,Fashion,73030,43818,BrandB
PROD00466,BrandB Dolores,Home,14156,8493,BrandC
PROD00467,BrandB Ea,Laptops,28480,17088,BrandE
PROD00468,BrandC Enim,Mobiles,26135,15681,BrandE
PROD00469,BrandA Expedita,Beauty,30720,18432,BrandD
PROD00470,BrandD Quis,Fashion,19977,11986,BrandE
PROD00471,BrandB Incidunt,Laptops,55416,33249,BrandA
PROD00472,BrandE Possimus,Fashion,64141,38484,BrandE
PROD00473,BrandB Architecto,Laptops,53452,32071,BrandD
PROD00474,BrandE Magni,Laptops,31011,18606,BrandC
PROD00475,BrandC Itaque,Toys,32884,19730,BrandC
PROD00476,BrandE Iste,Mobiles,3291,1974,BrandE
PROD00477,BrandD Officia,Fashion,33260,19956,BrandB
PROD00478,BrandA Eaque,Fashion,90636,54381,BrandC
PROD00479,BrandE Distinctio,Toys,64741,38844,BrandE
PROD00480,BrandE Perferendis,Beauty,49823,29893,BrandD
PROD00481,BrandA Accusantium,Beauty,3731,2238,BrandE
PROD00482,BrandD Voluptatum,Mobiles,6272,3763,BrandC
PROD00483,BrandB Velit,Mobiles,42180,25308,BrandD
PROD00484,BrandE Rem,Home,89197,53518,BrandE
PROD00485,BrandA Quam,Toys,90453,54271,BrandA
PROD00486,BrandC Minima,Beauty,20381,12228,BrandD
PROD00487,BrandA Ex,Laptops,28771,17262,BrandA
PROD00488,BrandC Aliquam,Fashion,51531,30918,BrandB
PROD00489,BrandD Tempore,Mobiles,91000,54600,BrandD
PROD00490,BrandB Labore,Fashion,93061,55836,BrandA
PROD00491,BrandA Minima,Fashion,28702,17221,BrandC
PROD00492,BrandE Neque,Home,88889,53333,BrandC
PROD00493,BrandD Animi,Beauty,51499,30899,BrandB
PROD00494,BrandA Incidunt,Mobiles,23572,14143,BrandD
PROD00495,BrandE Voluptates,Fashion,49330,29598,BrandD
PROD00496,BrandA Perspiciatis,Mobiles,73716,44229,BrandD
PROD00497,BrandC Rerum,Laptops,7199,4319,BrandB
PROD00498,BrandA Necessitatibus,Home,25531,15318,BrandD
PROD00499,BrandA A,Laptops,56592,33955,BrandC
PROD00500,BrandA Dolores,Mobiles,96822,58093,BrandA
PROD00501,BrandD Pariatur,Mobiles,47784,28670,BrandC
PROD00502,BrandA Aliquam,Beauty,30211,18126,BrandC
PROD00503,BrandE Voluptatum,Fashion,64036,38421,BrandA
PROD00504,BrandC Dolorem,Fashion,22714,13628,BrandC
PROD00505,BrandC Dicta,Laptops,92360,55416,BrandB
PROD00506,BrandA Ratione,Home,42091,25254,BrandA
PROD00507,BrandD Quo,Toys,70576,42345,BrandC
PROD00508,BrandD Nemo,Fashion,61020,36612,BrandE
PROD00509,BrandE Ea,Beauty,94394,56636,BrandC
PROD00510,BrandA Recusandae,Laptops,63630,38178,BrandB
PROD00511,BrandC Sapiente,Laptops,36324,21794,BrandD
PROD00512,BrandD Neque,Toys,7888,4732,BrandC
PROD00513,BrandA Odio,Beauty,28182,16909,BrandD
PROD00514,BrandD Cum,Home,89670,53802,BrandE
PROD00515,BrandD Accusamus,Beauty,76916,46149,BrandC
PROD00516,BrandC Reiciendis,Home,83688,50212,BrandA
PROD00517,BrandB Ducimus,Beauty,16631,9978,BrandD
PROD00518,BrandE Nobis,Beauty,88440,53064,BrandE
PROD00519,BrandE Esse,Mobiles,94539,56723,BrandA
PROD00520,BrandC Molestias,Laptops,44957,26974,BrandA
PROD00521,BrandD Doloribus,Beauty,10242,6145,BrandA
PROD00522,BrandA Rem,Toys,48455,29073,BrandA
PROD00523,BrandD Quia,Beauty,9966,5979,BrandC
PROD00524,BrandC Sunt,Fashion,70167,42100,BrandC
PROD00525,BrandE Sed,Laptops,64127,38476,BrandC
PROD00526,BrandD Quas,Fashion,58006,34803,BrandE
PROD00527,BrandE Quam,Laptops,28238,16942,BrandE
PROD00528,BrandA Dignissimos,Fashion,92701,55620,BrandE
PROD00529,BrandE Ipsam,Beauty,30056,18033,BrandB
PROD00530,BrandE Numquam,Beauty,76395,45837,BrandE
PROD00531,BrandB Praesentium,Mobiles,5539,3323,BrandC
PROD00532,BrandB Culpa,Toys,47341,28404,BrandC
PROD00533,BrandB Beatae,Fashion,42633,25579,BrandB
PROD00534,BrandE Enim,Home,28370,17022,BrandB
PROD00535,BrandC Sequi,Mobiles,78915,47349,BrandE
PROD00536,BrandE Illo,Fashion,39379,23627,BrandD
PROD00537,BrandC Facere,Fashion,23988,14392,BrandB
PROD00538,BrandC Nihil,Mobiles,17730,10638,BrandA
PROD00539,BrandB Dicta,Beauty,61163,36697,BrandC
PROD00540,BrandD Sunt,Fashion,35244,21146,BrandA
PROD00541,BrandA Officiis,Beauty,52261,31356,BrandC
PROD00542,BrandB Ducimus,Mobiles,96818,58090,BrandC
PROD00543,BrandB Possimus,Beauty,91174,54704,BrandB
PROD00544,BrandD Itaque,Laptops,77460,46476,BrandB
PROD00545,BrandA Ab,Home,51079,30647,BrandA
PROD00546,BrandE Eaque,Fashion,97761,58656,BrandC
PROD00547,BrandE Voluptate,Toys,7079,4247,BrandA
PROD00548,BrandB Debitis,Home,26289,15773,BrandD
PROD00549,BrandA Quidem,Beauty,42700,25620,BrandA
PROD00550,BrandB Minima,Fashion,59660,35796,BrandE
PROD00551,BrandC Eos,Beauty,78140,46884,BrandA
PROD00552,BrandB Atque,Laptops,61658,36994,BrandE
PROD00553,BrandB Nobis,Mobiles,86305,51783,BrandE
PROD00554,BrandE Maiores,Fashion,7010,4206,BrandE
PROD00555,BrandE Magni,Laptops,57813,34687,BrandD
PROD00556,BrandE Atque,Laptops,46957,28174,BrandA
PROD00557,BrandC Aut,Fashion,35064,21038,BrandA
PROD00558,BrandE Eos,Beauty,85767,51460,BrandD
PROD00559,BrandA Suscipit,Toys,25327,15196,BrandC
PROD00560,BrandD In,Laptops,6078,3646,BrandB
PROD00561,BrandA Harum,Home,87627,52576,BrandA
PROD00562,BrandA Corrupti,Laptops,17253,10351,BrandB
PROD00563,BrandE Ea,Toys,59865,35919,BrandD
PROD00564,BrandD Provident,Beauty,99184,59510,BrandC
PROD00565,BrandD Totam,Beauty,39171,23502,BrandC
PROD00566,BrandD Totam,Home,69619,41771,BrandC
PROD00567,BrandC Ipsam,Laptops,9603,5761,BrandD
PROD00568,BrandE Eos,Beauty,60803,36481,BrandE
PROD00569,BrandD Possimus,Toys,64479,38687,BrandE
PROD00570,BrandC Totam,Fashion,95557,57334,BrandB
PROD00571,BrandB Dignissimos,Mobiles,57966,34779,BrandE
PROD00572,BrandB Quibusdam,Mobiles,17005,10203,BrandE
PROD00573,BrandC Alias,Mobiles,45938,27562,BrandC
PROD00574,BrandC Iusto,Laptops,58379,35027,BrandC
PROD00575,BrandE Nobis,Home,89589,53753,BrandB
PROD00576,BrandE Ratione,Beauty,26906,16143,BrandA
PROD00577,BrandB Nobis,Fashion,45100,27060,BrandB
PROD00578,BrandD Numquam,Toys,22268,13360,BrandB
PROD00579,BrandB Eligendi,Fashion,70219,42131,BrandD
PROD00580,BrandD Ea,Toys,38814,23288,BrandD
PROD00581,BrandD Numquam,Laptops,54193,32515,BrandB
PROD00582,BrandE Reiciendis,Mobiles,55519,33311,BrandB
PROD00583,BrandA Libero,Laptops,49245,29547,BrandB
PROD00584,BrandA Maxime,Home,77525,46515,BrandE
PROD00585,BrandC Ratione,Home,93049,55829,BrandD
PROD00586,BrandE Eligendi,Toys,77911,46746,BrandB
PROD00587,BrandD Perferendis,Beauty,2561,1536,BrandC
PROD00588,BrandA Maiores,Beauty,14391,8634,BrandC
PROD00589,BrandD Nisi,Toys,46904,28142,BrandE
PROD00590,BrandA Assumenda,Home,77071,46242,BrandE
PROD00591,BrandA Quasi,Home,93571,56142,BrandA
PROD00592,BrandA Vero,Home,65046,39027,BrandA
PROD00593,BrandE Repellat,Laptops,99089,59453,BrandA
PROD00594,BrandB Inventore,Home,84180,50508,BrandE
PROD00595,BrandD Unde,Fashion,61432,36859,BrandE
PROD00596,BrandE Dignissimos,Mobiles,77894,46736,BrandE
PROD00597,BrandE Aut,Home,30941,18564,BrandC
PROD00598,BrandE Fugit,Toys,48858,29314,BrandE
PROD00599,BrandE Illum,Mobiles,76372,45823,BrandC
PROD00600,BrandE Quae,Laptops,37743,22645,BrandA
PROD00601,BrandC Veniam,Toys,50508,30304,BrandA
PROD00602,BrandD Sit,Mobiles,44050,26430,BrandA
PROD00603,BrandE Ex,Toys,56949,34169,BrandB
PROD00604,BrandD Officia,Laptops,28144,16886,BrandB
PROD00605,BrandC Aspernatur,Fashion,16097,9658,BrandD
PROD00606,BrandC Molestiae,Laptops,79851,47910,BrandD
PROD00607,BrandD Vel,Laptops,98705,59223,BrandD
PROD00608,BrandA Nesciunt,Toys,24011,14406,BrandB
PROD00609,BrandB Maiores,Beauty,55633,33379,BrandB
PROD00610,BrandA Delectus,Home,82666,49599,BrandD
PROD00611,BrandA Accusantium,Home,94970,56982,BrandD
PROD00612,BrandA Ratione,Fashion,14671,8802,BrandE
PROD00613,BrandE Harum,Fashion,94563,56737,BrandD
PROD00614,BrandC Blanditiis,Home,58041,34824,BrandE
PROD00615,BrandA Commodi,Beauty,58105,34863,BrandC
PROD00616,BrandC Officia,Home,86350,51810,BrandB
PROD00617,BrandD Assumenda,Beauty,58812,35287,BrandD
PROD00618,BrandB Architecto,Fashion,43641,26184,BrandB
PROD00619,BrandD Debitis,Mobiles,23487,14092,BrandB
PROD00620,BrandD Consectetur,Toys,94080,56448,BrandB
PROD00621,BrandE Non,Fashion,49008,29404,BrandC
PROD00622,BrandB Aliquam,Fashion,85557,51334,BrandA
PROD00623,BrandD Praesentium,Laptops,13157,7894,BrandD
PROD00624,BrandD Quo,Laptops,64128,38476,BrandA
PROD00625,BrandB A,Laptops,55831,33498,BrandA
PROD00626,BrandB Ea,Toys,24958,14974,BrandA
PROD00627,BrandD Distinctio,Laptops,48789,29273,BrandB
PROD00628,BrandB Impedit,Beauty,44738,26842,BrandE
PROD00629,BrandD Corporis,Home,91698,55018,BrandB
PROD00630,BrandD Debitis,Mobiles,46586,27951,BrandB
PROD00631,BrandE Adipisci,Fashion,20667,12400,BrandA
PROD00632,BrandA A,Beauty,29839,17903,BrandB
PROD00633,BrandD Pariatur,Mobiles,57904,34742,BrandA
PROD00634,BrandC Totam,Beauty,3854,2312,BrandE
PROD00635,BrandA Repudiandae,Beauty,27144,16286,BrandD
PROD00636,BrandA Doloremque,Fashion,67360,40416,BrandA
PROD00637,BrandA Sunt,Home,67012,40207,BrandE
PROD00638,BrandE Veritatis,Laptops,8806,5283,BrandD
PROD00639,BrandD Mollitia,Toys,8994,5396,BrandC
PROD00640,BrandE Sequi,Home,18137,10882,BrandA
PROD00641,BrandD Temporibus,Toys,84086,50451,BrandA
PROD00642,BrandE Sit,Fashion,82042,49225,BrandC
PROD00643,BrandE Delectus,Fashion,51712,31027,BrandC
PROD00644,BrandC Sint,Fashion,29825,17895,BrandA
PROD00645,BrandE Aliquam,Mobiles,6026,3615,BrandC
PROD00646,BrandB Eum,Toys,9596,5757,BrandB
PROD00647,BrandC Magni,Home,56547,33928,BrandD
PROD00648,BrandE Nesciunt,Home,29906,17943,BrandD
PROD00649,BrandA Culpa,Beauty,88299,52979,BrandD
PROD00650,BrandB Dolore,Beauty,41421,24852,BrandB
PROD00651,BrandB Officia,Beauty,65195,39117,BrandC
PROD00652,BrandB Provident,Fashion,22756,13653,BrandE
PROD00653,BrandC A,Home,55247,33148,BrandC
PROD00654,BrandE Eos,Toys,91496,54897,BrandA
PROD00655,BrandE Illo,Fashion,49766,29859,BrandD
PROD00656,BrandA Consectetur,Mobiles,82468,49480,BrandC
PROD00657,BrandA Excepturi,Beauty,38887,23332,BrandE
PROD00658,BrandB Enim,Fashion,63046,37827,BrandA
PROD00659,BrandA Quasi,Fashion,21827,13096,BrandB
PROD00660,BrandC Dolor,Mobiles,95181,57108,BrandB
PROD00661,BrandE Amet,Laptops,68156,40893,BrandE
PROD00662,BrandB Rem,Home,3181,1908,BrandA
PROD00663,BrandA Atque,Toys,34296,20577,BrandD
PROD00664,BrandC Laborum,Laptops,36835,22101,BrandC
PROD00665,BrandC Occaecati,Beauty,80202,48121,BrandA
PROD00666,BrandA Magnam,Fashion,79678,47806,BrandB
PROD00667,BrandE Natus,Mobiles,25598,15358,BrandE
PROD00668,BrandA Quaerat,Mobiles,76965,46179,BrandE
PROD00669,BrandB In,Home,31756,19053,BrandC
PROD00670,BrandA Architecto,Laptops,67795,40677,BrandE
PROD00671,BrandC Fugiat,Home,38000,22800,BrandE
PROD00672,BrandA Esse,Fashion,84999,50999,BrandA
PROD00673,BrandE Sunt,Home,47801,28680,BrandD
PROD00674,BrandD Repudiandae,Toys,19133,11479,BrandC
PROD00675,BrandA Neque,Mobiles,10905,6543,BrandA
PROD00676,BrandE Harum,Mobiles,35951,21570,BrandD
PROD00677,BrandE Sequi,Beauty,26932,16159,BrandA
PROD00678,BrandC Perspiciatis,Beauty,63537,38122,BrandA
PROD00679,BrandE Saepe,Fashion,14044,8426,BrandE
PROD00680,BrandE Fuga,Toys,19973,11983,BrandD
PROD00681,BrandE Ipsam,Laptops,40472,24283,BrandC
PROD00682,BrandE Necessitatibus,Home,89564,53738,BrandC
PROD00683,BrandB Maiores,Fashion,15479,9287,BrandD
PROD00684,BrandB Provident,Beauty,36851,22110,BrandE
PROD00685,BrandC Eligendi,Home,89922,53953,BrandB
PROD00686,BrandA Ipsa,Beauty,5210,3126,BrandA
PROD00687,BrandE Vitae,Home,54441,32664,BrandE
PROD00688,BrandA Delectus,Laptops,12187,7312,BrandD
PROD00689,BrandA Est,Fashion,23862,14317,BrandA
PROD00690,BrandC Suscipit,Home,82717,49630,BrandC
PROD00691,BrandE Culpa,Toys,9696,5817,BrandB
PROD00692,BrandE Quos,Mobiles,18413,11047,BrandC
PROD00693,BrandD Molestias,Toys,66649,39989,BrandD
PROD00694,BrandA Numquam,Toys,23805,14283,BrandA
PROD00695,BrandA Eum,Mobiles,67464,40478,BrandD
PROD00696,BrandB Molestias,Toys,73545,44127,BrandA
PROD00697,BrandD Neque,Home,78745,47247,BrandE
PROD00698,BrandB In,Home,2123,1273,BrandB
PROD00699,BrandB Totam,Home,59896,35937,BrandE
PROD00700,BrandB Asperiores,Mobiles,80173,48103,BrandE
PROD00701,BrandC Exercitationem,Toys,92297,55378,BrandD
PROD00702,BrandC Repellat,Mobiles,64529,38717,BrandB
PROD00703,BrandB Esse,Home,61727,37036,BrandA
PROD00704,BrandD Ipsam,Toys,33948,20368,BrandA
PROD00705,BrandA Temporibus,Toys,37904,22742,BrandC
PROD00706,BrandD Repudiandae,Beauty,15479,9287,BrandA
PROD00707,BrandE Culpa,Beauty,59764,35858,BrandD
PROD00708,BrandC Officia,Laptops,27866,16719,BrandE
PROD00709,BrandA At,Fashion,68199,40919,BrandE
PROD00710,BrandA Explicabo,Beauty,36160,21696,BrandE
PROD00711,BrandE Mollitia,Mobiles,94833,56899,BrandB
PROD00712,BrandE Animi,Beauty,69222,41533,BrandA
PROD00713,BrandB Est,Laptops,16187,9712,BrandD
PROD00714,BrandC Officiis,Toys,48968,29380,BrandB
PROD00715,BrandC Odio,Laptops,23325,13995,BrandC
PROD00716,BrandD Deleniti,Toys,95386,57231,BrandD
PROD00717,BrandB Soluta,Toys,6743,4045,BrandD
PROD00718,BrandB Reiciendis,Fashion,93159,55895,BrandD
PROD00719,BrandB Ab,Beauty,36827,22096,BrandE
PROD00720,BrandB Dignissimos,Mobiles,11105,6663,BrandD
PROD00721,BrandC Quas,Mobiles,65797,39478,BrandA
PROD00722,BrandC Adipisci,Home,16129,9677,BrandD
PROD00723,BrandB Earum,Toys,14326,8595,BrandE
PROD00724,BrandD Molestiae,Mobiles,63746,38247,BrandD
PROD00725,BrandA Minima,Fashion,60703,36421,BrandC
PROD00726,BrandA Mollitia,Toys,28831,17298,BrandC
PROD00727,BrandD Ducimus,Fashion,69026,41415,BrandE
PROD00728,BrandB Ex,Mobiles,6097,3658,BrandA
PROD00729,BrandC Itaque,Mobiles,55606,33363,BrandA
PROD00730,BrandA Quis,Home,78329,46997,BrandB
PROD00731,BrandE Ex,Mobiles,49915,29949,BrandE
PROD00732,BrandE Ullam,Toys,42192,25315,BrandD
PROD00733,BrandD Facere,Toys,62639,37583,BrandE
PROD00734,BrandB Porro,Toys,66177,39706,BrandB
PROD00735,BrandA Eum,Home,21917,13150,BrandE
PROD00736,BrandB Fuga,Home,37961,22776,BrandE
PROD00737,BrandA Officia,Mobiles,13528,8116,BrandB
PROD00738,BrandD Mollitia,Laptops,44034,26420,BrandA
PROD00739,BrandD Non,Laptops,10358,6214,BrandD
PROD00740,BrandE Ea,Home,57875,34725,BrandB
PROD00741,BrandB Doloribus,Mobiles,81680,49008,BrandC
PROD00742,BrandE Quibusdam,Laptops,95047,57028,BrandA
PROD00743,BrandB Alias,Mobiles,5569,3341,BrandC
PROD00744,BrandE Animi,Mobiles,28954,17372,BrandA
PROD00745,BrandC Tempore,Mobiles,6356,3813,BrandD
PROD00746,BrandC Non,Beauty,76356,45813,BrandD
PROD00747,BrandC Vel,Toys,34037,20422,BrandE
PROD00748,BrandC Suscipit,Mobiles,99234,59540,BrandC
PROD00749,BrandA Nostrum,Beauty,1751,1050,BrandA
PROD00750,BrandC Dolore,Home,50388,30232,BrandD
PROD00751,BrandD Unde,Laptops,84830,50898,BrandB
PROD00752,BrandD Odit,Toys,25151,15090,BrandD
PROD00753,BrandA Id,Laptops,27486,16491,BrandB
PROD00754,BrandC Occaecati,Toys,75154,45092,BrandA
PROD00755,BrandC Fugiat,Laptops,16284,9770,BrandD
PROD00756,BrandC Velit,Toys,33887,20332,BrandD
PROD00757,BrandE Adipisci,Laptops,21721,13032,BrandA
PROD00758,BrandB Laborum,Laptops,75664,45398,BrandD
PROD00759,BrandE Accusamus,Laptops,78084,46850,BrandB
PROD00760,BrandB Debitis,Laptops,59892,35935,BrandD
PROD00761,BrandC Fugit,Home,45353,27211,BrandC
PROD00762,BrandC Placeat,Mobiles,34151,20490,BrandE
PROD00763,BrandE Ullam,Fashion,49911,29946,BrandB
PROD00764,BrandE Fugiat,Beauty,30547,18328,BrandC
PROD00765,BrandB Repudiandae,Fashion,84030,50418,BrandA
PROD00766,BrandD Officiis,Fashion,30354,18212,BrandB
PROD00767,BrandB Impedit,Toys,84145,50487,BrandE
PROD00768,BrandE Fugiat,Mobiles,57518,34510,BrandE
PROD00769,BrandE Non,Toys,14572,8743,BrandA
PROD00770,BrandA Facere,Mobiles,3571,2142,BrandA
PROD00771,BrandE Quo,Mobiles,95904,57542,BrandB
PROD00772,BrandA Tenetur,Laptops,8429,5057,BrandD
PROD00773,BrandD Eveniet,Home,34965,20979,BrandA
PROD00774,BrandB Nulla,Laptops,46950,28170,BrandD
PROD00775,BrandB Ducimus,Home,54320,32592,BrandC
PROD00776,BrandA Quaerat,Toys,93908,56344,BrandE
PROD00777,BrandB Asperiores,Home,6497,3898,BrandD
PROD00778,BrandE Ratione,Toys,98009,58805,BrandE
PROD00779,BrandC Reiciendis,Fashion,35625,21375,BrandD
PROD00780,BrandA Dolorem,Fashion,53172,31903,BrandC
PROD00781,BrandB Cumque,Home,90206,54123,BrandA
PROD00782,BrandA Error,Home,83920,50352,BrandC
PROD00783,BrandA Dolores,Toys,84630,50778,BrandA
PROD00784,BrandC Dolorum,Laptops,23384,14030,BrandA
PROD00785,BrandE Totam,Toys,61430,36858,BrandE
PROD00786,BrandA Facere,Laptops,83469,50081,BrandC
PROD00787,BrandB Error,Fashion,25222,15133,BrandD
PROD00788,BrandD Provident,Mobiles,70653,42391,BrandC
PROD00789,BrandA Ipsam,Home,82006,49203,BrandE
PROD00790,BrandA Dolorem,Laptops,94888,56932,BrandA
PROD00791,BrandC Dolor,Toys,62912,37747,BrandE
PROD00792,BrandE Accusantium,Fashion,8099,4859,BrandB
PROD00793,BrandD Neque,Laptops,22536,13521,BrandB
PROD00794,BrandB Error,Toys,43063,25837,BrandD
PROD00795,BrandD In,Home,2196,1317,BrandE
PROD00796,BrandB At,Home,25379,15227,BrandD
PROD00797,BrandE Magni,Beauty,26301,15780,BrandD
PROD00798,BrandB Odio,Mobiles,19815,11889,BrandB
PROD00799,BrandC Iure,Beauty,29409,17645,BrandD
PROD00800,BrandC Sapiente,Fashion,15178,9106,BrandB
PROD00801,BrandC Aliquid,Laptops,56714,34028,BrandA
PROD00802,BrandC Assumenda,Fashion,5205,3123,BrandE
PROD00803,BrandD Officia,Toys,94948,56968,BrandD
PROD00804,BrandE Cupiditate,Home,2939,1763,BrandB
PROD00805,BrandB Veritatis,Beauty,69020,41412,BrandC
PROD00806,BrandB Sit,Beauty,43719,26231,BrandD
PROD00807,BrandC Maxime,Beauty,42921,25752,BrandA
PROD00808,BrandC Iste,Fashion,13593,8155,BrandA
PROD00809,BrandA Eum,Home,17169,10301,BrandC
PROD00810,BrandE Tempore,Laptops,7631,4578,BrandB
PROD00811,BrandD Quas,Toys,37151,22290,BrandD
PROD00812,BrandB Quidem,Laptops,7836,4701,BrandB
PROD00813,BrandA Dolorum,Fashion,7810,4686,BrandA
PROD00814,BrandA Repudiandae,Toys,67255,40353,BrandB
PROD00815,BrandB Eaque,Beauty,14075,8445,BrandA
PROD00816,BrandD Illo,Mobiles,62524,37514,BrandB
PROD00817,BrandA Accusamus,Fashion,45703,27421,BrandC
PROD00818,BrandA Nemo,Fashion,23352,14011,BrandE
PROD00819,BrandE Mollitia,Home,80897,48538,BrandC
PROD00820,BrandD Dolorum,Laptops,1531,918,BrandC
PROD00821,BrandA Repellendus,Fashion,74703,44821,BrandE
PROD00822,BrandD Consequatur,Fashion,37581,22548,BrandE
PROD00823,BrandB Placeat,Beauty,92673,55603,BrandD
PROD00824,BrandC Aut,Beauty,9657,5794,BrandD
PROD00825,BrandA Exercitationem,Toys,75071,45042,BrandC
PROD00826,BrandE Delectus,Mobiles,262,157,BrandC
PROD00827,BrandB Minima,Home,34842,20905,BrandA
PROD00828,BrandD Veritatis,Mobiles,19775,11865,BrandA
PROD00829,BrandB Inventore,Toys,74097,44458,BrandD
PROD00830,BrandA Dolorem,Beauty,17115,10269,BrandD
PROD00831,BrandD Ducimus,Laptops,50157,30094,BrandA
PROD00832,BrandC Fugiat,Beauty,32691,19614,BrandA
PROD00833,BrandB Animi,Home,93683,56209,BrandB
PROD00834,BrandA Beatae,Beauty,9933,5959,BrandB
PROD00835,BrandE Et,Home,7996,4797,BrandA
PROD00836,BrandD Mollitia,Home,33072,19843,BrandB
PROD00837,BrandB Consequuntur,Home,49833,29899,BrandE
PROD00838,BrandB Et,Toys,41900,25140,BrandD
PROD00839,BrandC Sed,Home,96144,57686,BrandD
PROD00840,BrandC Labore,Home,5447,3268,BrandA
PROD00841,BrandE Incidunt,Laptops,59163,35497,BrandC
PROD00842,BrandE Optio,Mobiles,95950,57570,BrandA
PROD00843,BrandA Nulla,Fashion,2743,1645,BrandB
PROD00844,BrandA Laboriosam,Mobiles,40885,24531,BrandC
PROD00845,BrandE Voluptatum,Home,18781,11268,BrandB
PROD00846,BrandE Quos,Laptops,50126,30075,BrandE
PROD00847,BrandD Unde,Beauty,15992,9595,BrandB
PROD00848,BrandC Porro,Laptops,47399,28439,BrandE
PROD00849,BrandA Sit,Home,17173,10303,BrandE
PROD00850,BrandC Quibusdam,Laptops,30782,18469,BrandB
PROD00851,BrandC Rem,Laptops,97898,58738,BrandB
PROD00852,BrandE Ex,Home,96994,58196,BrandE
PROD00853,BrandD Aliquam,Toys,14389,8633,BrandC
PROD00854,BrandB Nulla,Laptops,8027,4816,BrandE
PROD00855,BrandD Omnis,Fashion,48430,29058,BrandD
PROD00856,BrandD Temporibus,Fashion,66807,40084,BrandE
PROD00857,BrandC Odio,Laptops,77554,46532,BrandC
PROD00858,BrandD Nihil,Toys,65528,39316,BrandD
PROD00859,BrandA Aut,Beauty,50701,30420,BrandA
PROD00860,BrandC Voluptas,Home,77565,46539,BrandA
PROD00861,BrandA Quod,Fashion,2639,1583,BrandC
PROD00862,BrandB Consequatur,Beauty,22769,13661,BrandE
PROD00863,BrandC Qui,Laptops,71068,42640,BrandB
PROD00864,BrandB Dolorum,Beauty,20744,12446,BrandC
PROD00865,BrandC Molestias,Mobiles,18845,11307,BrandD
PROD00866,BrandE Illo,Fashion,28328,16996,BrandD
PROD00867,BrandD Magnam,Laptops,34621,20772,BrandA
PROD00868,BrandE Magni,Home,97339,58403,BrandD
PROD00869,BrandB Quisquam,Toys,27028,16216,BrandC
PROD00870,BrandD Accusantium,Laptops,18422,11053,BrandD
PROD00871,BrandC Debitis,Home,57814,34688,BrandC
PROD00872,BrandD Beatae,Toys,87996,52797,BrandB
PROD00873,BrandA Doloremque,Toys,62392,37435,BrandA
PROD00874,BrandD Unde,Laptops,29155,17493,BrandD
PROD00875,BrandA Labore,Beauty,42991,25794,BrandC
PROD00876,BrandD Ut,Beauty,82012,49207,BrandE
PROD00877,BrandA Est,Toys,6688,4012,BrandA
PROD00878,BrandB Impedit,Beauty,90636,54381,BrandB
PROD00879,BrandE Ad,Mobiles,6404,3842,BrandC
PROD00880,BrandC Quasi,Toys,7445,4467,BrandB
PROD00881,BrandD Esse,Toys,29400,17640,BrandB
PROD00882,BrandE Ducimus,Home,24359,14615,BrandD
PROD00883,BrandC Sed,Beauty,91106,54663,BrandD
PROD00884,BrandC Quidem,Toys,88653,53191,BrandC
PROD00885,BrandA Ut,Mobiles,15452,9271,BrandE
PROD00886,BrandB Quisquam,Home,33465,20079,BrandC
PROD00887,BrandB Amet,Laptops,19546,11727,BrandE
PROD00888,BrandE Neque,Toys,2436,1461,BrandB
PROD00889,BrandB Odit,Mobiles,62132,37279,BrandA
PROD00890,BrandD Quis,Fashion,75515,45309,BrandC
PROD00891,BrandB Nemo,Mobiles,97952,58771,BrandC
PROD00892,BrandE Delectus,Mobiles,98976,59385,BrandE
PROD00893,BrandB Beatae,Home,7621,4572,BrandB
PROD00894,BrandD Mollitia,Laptops,71807,43084,BrandB
PROD00895,BrandA Laboriosam,Fashion,23581,14148,BrandE
PROD00896,BrandE Doloremque,Beauty,18574,11144,BrandB
PROD00897,BrandA Cum,Beauty,46860,28116,BrandD
PROD00898,BrandA Atque,Mobiles,55818,33490,BrandA
PROD00899,BrandA Laborum,Home,44729,26837,BrandC
PROD00900,BrandC Maiores,Home,45332,27199,BrandA
PROD00901,BrandC Natus,Beauty,86644,51986,BrandC
PROD00902,BrandA Autem,Fashion,67269,40361,BrandD
PROD00903,BrandE Possimus,Laptops,50769,30461,BrandB
PROD00904,BrandD Quidem,Fashion,78121,46872,BrandE
PROD00905,BrandD Nobis,Toys,69284,41570,BrandD
PROD00906,BrandB Natus,Toys,48045,28827,BrandA
PROD00907,BrandE Sit,Laptops,13240,7944,BrandE
PROD00908,BrandC Reprehenderit,Beauty,83557,50134,BrandB
PROD00909,BrandA Cupiditate,Laptops,14457,8674,BrandD
PROD00910,BrandB Voluptas,Home,68773,41263,BrandE
PROD00911,BrandD Illo,Toys,65733,39439,BrandD
PROD00912,BrandC Impedit,Mobiles,77043,46225,BrandD
PROD00913,BrandC Qui,Mobiles,96211,57726,BrandB
PROD00914,BrandA Tempore,Beauty,78358,47014,BrandC
PROD00915,BrandD Non,Home,13024,7814,BrandE
PROD00916,BrandE Temporibus,Fashion,69386,41631,BrandB
PROD00917,BrandC Facilis,Home,93369,56021,BrandD
PROD00918,BrandA Dicta,Mobiles,74171,44502,BrandB
PROD00919,BrandE Mollitia,Mobiles,57426,34455,BrandC
PROD00920,BrandD Eaque,Toys,90123,54073,BrandE
PROD00921,BrandC Culpa,Home,30751,18450,BrandC
PROD00922,BrandE Unde,Home,70302,42181,BrandA
PROD00923,BrandE Soluta,Mobiles,48877,29326,BrandE
PROD00924,BrandE Ipsa,Fashion,17094,10256,BrandC
PROD00925,BrandC Cum,Beauty,67363,40417,BrandD
PROD00926,BrandC Tempora,Beauty,59734,35840,BrandE
PROD00927,BrandB Nostrum,Home,10900,6540,BrandE
PROD00928,BrandD Consectetur,Beauty,37923,22753,BrandB
PROD00929,BrandA Vel,Mobiles,63978,38386,BrandD
PROD00930,BrandE Esse,Mobiles,18808,11284,BrandA
PROD00931,BrandB Necessitatibus,Home,12919,7751,BrandC
PROD00932,BrandA At,Home,75005,45003,BrandB
PROD00933,BrandB Quo,Toys,63970,38382,BrandC
PROD00934,BrandC Animi,Home,9383,5629,BrandA
PROD00935,BrandE Libero,Fashion,30673,18403,BrandA
PROD00936,BrandA Perferendis,Beauty,78807,47284,BrandE
PROD00937,BrandA Esse,Home,31033,18619,BrandA
PROD00938,BrandA Officia,Laptops,5874,3524,BrandC
PROD00939,BrandA Veniam,Toys,72155,43293,BrandD
PROD00940,BrandA Molestiae,Laptops,11083,6649,BrandD
PROD00941,BrandB Quos,Mobiles,96568,57940,BrandE
PROD00942,BrandE Tenetur,Beauty,96434,57860,BrandC
PROD00943,BrandC Quod,Home,18233,10939,BrandC
PROD00944,BrandC Necessitatibus,Laptops,15039,9023,BrandA
PROD00945,BrandC Soluta,Beauty,881,528,BrandC
PROD00946,BrandC Vitae,Mobiles,56800,34080,BrandB
PROD00947,BrandB Incidunt,Fashion,27724,16634,BrandA
PROD00948,BrandD Possimus,Toys,6923,4153,BrandB
PROD00949,BrandE Nemo,Beauty,18589,11153,BrandE
PROD00950,BrandA Occaecati,Beauty,40061,24036,BrandD
PROD00951,BrandD Molestias,Fashion,29218,17530,BrandE
PROD00952,BrandC Minus,Beauty,81916,49149,BrandD
PROD00953,BrandD Provident,Mobiles,22363,13417,BrandE
PROD00954,BrandE Architecto,Mobiles,13665,8199,BrandC
PROD00955,BrandA Placeat,Fashion,20454,12272,BrandB
PROD00956,BrandA Repellendus,Toys,43051,25830,BrandD
PROD00957,BrandE Animi,Home,91279,54767,BrandA
PROD00958,BrandE Totam,Laptops,23748,14248,BrandB
PROD00959,BrandC Reiciendis,Home,50829,30497,BrandA
PROD00960,BrandA Asperiores,Beauty,42071,25242,BrandB
PROD00961,BrandD Sapiente,Laptops,18758,11254,BrandB
PROD00962,BrandB Eaque,Fashion,21353,12811,BrandE
PROD00963,BrandB Error,Fashion,64266,38559,BrandD
PROD00964,BrandE Voluptatibus,Toys,48663,29197,BrandD
PROD00965,BrandC Exercitationem,Laptops,26490,15894,BrandB
PROD00966,BrandB Similique,Mobiles,88764,53258,BrandC
PROD00967,BrandA Ducimus,Laptops,51678,31006,BrandC
PROD00968,BrandE Ea,Beauty,79125,47475,BrandA
PROD00969,BrandD Similique,Mobiles,32758,19654,BrandA
PROD00970,BrandE Maxime,Fashion,6952,4171,BrandE
PROD00971,BrandD Ullam,Laptops,95086,57051,BrandB
PROD00972,BrandE Unde,Home,2651,1590,BrandA
PROD00973,BrandE Ullam,Toys,72047,43228,BrandA
PROD00974,BrandE Aut,Home,61101,36660,BrandB
PROD00975,BrandD Occaecati,Toys,49259,29555,BrandE
PROD00976,BrandD Adipisci,Beauty,51807,31084,BrandA
PROD00977,BrandE Placeat,Home,33343,20005,BrandE
PROD00978,BrandB A,Laptops,21900,13140,BrandD
PROD00979,BrandC Suscipit,Laptops,76039,45623,BrandE
PROD00980,BrandC Quas,Home,57928,34756,BrandC
PROD00981,BrandC Minus,Laptops,7339,4403,BrandC
PROD00982,BrandD Provident,Beauty,6810,4086,BrandE
PROD00983,BrandD Ab,Mobiles,21484,12890,BrandC
PROD00984,BrandB Necessitatibus,Beauty,21138,12682,BrandD
PROD00985,BrandC Totam,Toys,40946,24567,BrandB
PROD00986,BrandC Aspernatur,Beauty,88083,52849,BrandC
PROD00987,BrandE Sunt,Toys,67921,40752,BrandC
PROD00988,BrandD Inventore,Laptops,38091,22854,BrandE
PROD00989,BrandC Quasi,Mobiles,79157,47494,BrandD
PROD00990,BrandB Magnam,Laptops,7071,4242,BrandB
PROD00991,BrandB Perspiciatis,Fashion,29239,17543,BrandE
PROD00992,BrandC Magnam,Laptops,85545,51327,BrandE
PROD00993,BrandD Voluptatibus,Toys,77167,46300,BrandD
PROD00994,BrandB Adipisci,Laptops,80357,48214,BrandB
PROD00995,BrandE Voluptatum,Laptops,84842,50905,BrandD
PROD00996,BrandB Voluptatem,Mobiles,37811,22686,BrandB
PROD00997,BrandA Dolores,Laptops,6630,3978,BrandD
PROD00998,BrandA Perspiciatis,Mobiles,11216,6729,BrandE
PROD00999,BrandD Reprehenderit,Home,65894,39536,BrandE
PROD01000,BrandC Quidem,Fashion,382,229,BrandA
